Latitude,Longitude,Price_INR,Locality,SuperBuiltUpArea_sqft
22.584035,88.440364,7130000,Rajarhat,1098
22.535687,88.416707,5920000,Salt Lake,863
17.444963,78.43143,20300000,Madhapur,2662
23.063364,72.593854,9230000,Thaltej,1814
12.948053,77.785061,14890000,Electronic City,1722
18.636941,73.790852,5020000,Viman Nagar,635
13.059846,77.504407,10070000,Marathahalli,1156
17.313023,78.374859,16660000,Gachibowli,1995
19.040458,72.851881,40430000,Andheri West,2651
22.512783,88.469603,9870000,Jadavpur,1182
13.125341,80.284559,12320000,T Nagar,1483
19.119149,72.929442,15650000,Vile Parle,1005
17.476043,78.556034,9380000,Madhapur,1258
19.200804,72.916385,7160000,Bandra West,493
28.587898,77.444816,15280000,Gurugram-DLF Phase 3,1885
23.016218,72.64772,12360000,Maninagar,2136
18.508847,73.83088,11850000,Aundh,1444
28.322758,76.932716,22370000,Gurugram-Sector 56,2396
17.339206,78.476558,11970000,Manikonda,1726
12.824993,77.508073,13840000,Koramangala,1721
12.964504,77.592922,19420000,Sarjapur Road,2003
17.258661,78.489007,14400000,Jubilee Hills,1580
13.180275,80.251548,25640000,OMR,2257
19.249676,72.838061,103690000,Vile Parle,5494
13.066129,77.696362,6060000,Banashankari,646
12.989746,80.342406,14700000,Velachery,1700
23.061585,72.49268,9980000,Thaltej,1938
17.386436,78.501849,15170000,Manikonda,2209
28.627461,77.400216,12770000,Faridabad-Sector 21,1482
22.604874,88.457729,9130000,Salt Lake,1036
28.723649,77.155764,15750000,Ghaziabad-Indirapuram,1665
19.269194,72.763427,42650000,Navi Mumbai-Kharghar,2590
22.644909,88.463685,24810000,Jadavpur,2047
22.938895,72.626331,2010000,Satellite,428
18.561745,73.88361,8850000,Viman Nagar,1237
17.403145,78.334208,19710000,Gachibowli,2063
12.819912,77.741094,39910000,Koramangala,3804
28.493708,77.364679,21030000,Noida-Sector 62,2588
12.99266,80.340234,13700000,Anna Nagar,1518
23.033503,72.49284,13860000,Bopal,2746
13.012188,80.227233,14180000,Porur,1590
13.049949,80.257211,19010000,Porur,1818
22.542925,88.439078,31300000,Salt Lake,3266
19.140981,72.914468,30110000,Vile Parle,1678
22.526571,88.413449,19090000,Rajarhat,2283
13.097977,77.699133,31130000,Whitefield,2763
22.550573,88.473642,22040000,Behala,2553
28.685511,77.058794,24320000,Faridabad-Sector 21,2508
18.956351,72.760121,22970000,Navi Mumbai-Kharghar,1545
18.602771,73.823187,4360000,Baner,517
12.937534,77.665775,21350000,Koramangala,1762
18.907575,72.812738,54180000,Navi Mumbai-Kharghar,2961
22.590998,88.363408,9870000,Jadavpur,1398
12.967701,80.196567,23500000,Anna Nagar,2417
18.451853,73.863592,22580000,Baner,2456
12.891275,77.532432,16330000,Banashankari,1722
19.078699,72.890753,54970000,Navi Mumbai-Kharghar,3607
28.797062,77.46075,8100000,Faridabad-Sector 21,943
19.1694,72.858889,9560000,Vile Parle,664
22.975441,72.442978,4070000,Satellite,699
22.561457,88.326819,17880000,Jadavpur,2587
23.128782,72.565624,8720000,Thaltej,1963
22.578339,88.398119,14720000,New Town,1947
13.142118,77.456,22720000,Whitefield,2370
17.543199,78.592152,7480000,Manikonda,1031
22.924421,72.469643,13100000,Satellite,2093
19.043967,72.803953,28130000,Goregaon East,1552
19.093693,72.765384,35330000,Andheri West,1808
22.649453,88.335985,11760000,Behala,1621
18.5794,73.758859,22450000,Wakad,2599
28.526224,76.940305,13760000,Noida-Sector 76,1636
22.523159,88.339415,10660000,Rajarhat,1435
13.09065,80.288687,33350000,Porur,4163
13.122755,80.303184,34290000,Velachery,3671
19.222176,72.864015,36390000,Powai,2413
13.054684,80.205645,24450000,Porur,2977
22.451613,88.368715,20090000,Tollygunge,2829
19.192004,72.820307,48680000,Bandra West,3491
17.413907,78.351831,10720000,Madhapur,1359
18.997792,72.934926,25000000,Goregaon East,1327
22.549922,88.413377,19660000,Rajarhat,2601
18.640816,73.763785,14810000,Hinjawadi,1722
18.595443,73.77079,12510000,Hinjawadi,1432
22.471132,88.389913,12040000,Behala,1281
22.932679,72.647102,6590000,Satellite,1223
12.910395,80.273835,3670000,Adyar,522
22.925034,72.597059,11580000,Vastrapur,1663
12.965643,80.25529,19870000,Velachery,1802
12.992047,80.2877,16280000,Porur,1785
28.324074,77.162932,17080000,Faridabad-Sector 21,2262
28.382499,77.433852,18740000,Gurugram-DLF Phase 3,1839
23.022274,72.598312,10620000,Vastrapur,2318
23.078576,72.55063,15390000,Satellite,2866
13.068805,80.170198,22040000,Adyar,3128
19.19152,72.870996,28400000,Andheri West,1887
18.912225,72.824493,21230000,Bandra West,1187
22.610473,88.420007,21460000,Rajarhat,3068
28.694045,77.09879,15670000,Noida-Sector 62,1615
19.205793,72.847915,35330000,Navi Mumbai-Kharghar,2322
23.008416,72.606034,21300000,Maninagar,3351
28.426369,77.321121,16530000,Faridabad-Sector 21,1646
13.092331,77.684158,10160000,Indiranagar,936
12.839841,77.590088,5020000,Koramangala,701
13.11137,80.285586,19070000,Adyar,2184
28.621659,77.141966,14210000,Noida-Sector 76,1498
19.203728,72.794349,16740000,Andheri West,1055
18.901735,72.897243,18420000,Powai,1206
22.519059,88.434475,4190000,Rajarhat,581
18.940992,72.923607,6660000,Navi Mumbai-Kharghar,432
18.947742,72.758127,81380000,Goregaon East,3998
17.338072,78.585092,13940000,Banjara Hills,1668
28.785814,77.363991,13500000,Gurugram-Sector 56,1691
18.90236,72.894057,55670000,Powai,2984
18.569331,73.85743,22090000,Baner,2453
19.256842,72.919917,8610000,Navi Mumbai-Kharghar,598
13.181753,80.158084,12450000,Anna Nagar,1666
23.098164,72.666152,11570000,Bopal,2135
28.373433,76.999805,28060000,Noida-Sector 76,2806
18.586874,73.915303,14750000,Aundh,1725
23.127521,72.425145,13540000,Thaltej,2794
22.56553,88.454839,11740000,Behala,1512
23.105057,72.592087,8100000,Satellite,1582
22.901163,72.45251,6440000,Maninagar,1126
18.616435,73.799652,25920000,Baner,2725
28.485598,77.08925,19180000,Noida-Sector 76,1977
19.119425,72.797428,43300000,Vile Parle,1980
12.929692,80.182668,33630000,T Nagar,3679
19.152509,72.864328,39240000,Powai,2474
22.50249,88.331055,15270000,Jadavpur,2574
17.479361,78.572986,31510000,Gachibowli,3729
18.534049,73.907145,27380000,Hinjawadi,2783
12.947583,80.295647,4220000,Velachery,528
19.298789,72.875026,41010000,Mulund,2845
18.613884,73.858321,18390000,Kothrud,2023
19.128405,72.91726,17040000,Thane West,1130
12.887067,77.668864,11950000,Electronic City,1193
13.188496,80.2395,15250000,T Nagar,1779
23.042622,72.570719,13830000,Thaltej,2312
23.0256,72.466239,10500000,Bopal,1793
13.123448,77.481358,8140000,Electronic City,791
18.491802,73.857601,5550000,Viman Nagar,681
23.021166,72.579132,5890000,Maninagar,1131
23.053112,72.587657,10470000,Maninagar,1952
28.689554,76.964063,15150000,Dwarka,1613
18.635421,73.947126,15590000,Wakad,1545
23.029242,72.442672,8180000,Prahlad Nagar,1470
13.184926,80.225736,18170000,OMR,2458
17.430365,78.301972,25630000,Kukatpally,3014
17.286607,78.557822,15870000,Jubilee Hills,1920
17.48902,78.521241,20890000,Banjara Hills,3018
13.113575,77.611865,17290000,Indiranagar,2005
22.540381,88.490145,30270000,Salt Lake,2890
28.643526,77.256573,26980000,Noida-Sector 62,2269
28.521824,76.978044,9090000,Noida-Sector 62,1167
22.573388,88.482572,15380000,Tollygunge,1842
13.192168,80.226763,26860000,Anna Nagar,2650
18.630651,73.877227,11140000,Kharadi,1107
17.345438,78.414837,39130000,Banjara Hills,3822
13.027432,80.151486,13110000,Velachery,1725
18.540807,73.931211,23330000,Kothrud,2397
17.383996,78.542352,17930000,Gachibowli,2796
18.52596,73.891122,45630000,Aundh,3893
22.452392,88.31954,30120000,Behala,4080
12.93398,77.566429,14840000,Marathahalli,1486
19.180022,72.930924,35670000,Thane West,2434
18.576123,73.821852,17260000,Kharadi,2267
17.446149,78.441366,19270000,Banjara Hills,2487
13.043704,77.643693,24450000,Marathahalli,2484
13.147945,80.21024,25750000,Adyar,2567
28.379023,76.917439,6040000,Noida-Sector 62,629
28.368251,77.410991,9120000,Gurugram-Sector 56,1133
28.666738,77.20253,15910000,Gurugram-Sector 56,1515
28.532148,77.280041,14800000,Gurugram-DLF Phase 3,1699
12.883521,77.489745,6610000,Sarjapur Road,766
17.336512,78.586988,13990000,Gachibowli,1863
12.991949,80.307854,10660000,OMR,1343
12.990468,80.334087,16510000,Velachery,2078
18.539195,73.768496,42770000,Hinjawadi,3998
12.901022,77.731985,10170000,Hebbal,1164
12.891937,77.784609,22170000,Sarjapur Road,1921
12.94683,77.769237,36350000,Sarjapur Road,3379
22.572686,88.466283,10790000,Jadavpur,1323
17.255642,78.445276,22530000,Kukatpally,2611
12.860121,77.713906,16410000,Marathahalli,1628
22.560783,88.358118,7850000,Behala,1160
18.56873,73.901261,12360000,Viman Nagar,1388
18.502333,73.818723,16520000,Baner,2018
23.142718,72.585082,13990000,Satellite,2451
22.622674,88.41361,11330000,Behala,1343
28.583214,77.218638,12620000,Noida-Sector 62,1699
18.599287,73.903106,21940000,Kothrud,2249
28.726261,77.478272,6930000,Noida-Sector 76,960
13.060386,77.777425,27970000,Yelahanka,2642
18.948822,72.923391,86820000,Vile Parle,5053
13.092412,80.186748,45140000,OMR,5697
13.176934,80.279421,10670000,Porur,1174
22.487873,88.336074,21110000,New Town,2329
22.584252,88.326448,9480000,Jadavpur,1117
17.304942,78.441074,28840000,Gachibowli,3237
13.012067,80.33583,15950000,Adyar,1780
22.905128,72.462467,14160000,Bopal,2815
12.967269,80.287247,60120000,Anna Nagar,6233
17.485853,78.552873,14540000,Manikonda,1674
12.926291,80.177023,13820000,Velachery,1400
28.724308,77.342247,14360000,Gurugram-Sector 56,1608
23.113363,72.61456,12060000,Prahlad Nagar,2332
13.142045,80.217547,21340000,T Nagar,2145
13.066688,77.624437,27980000,Whitefield,2461
18.466956,73.812961,11960000,Hinjawadi,1354
17.261091,78.400348,16810000,Banjara Hills,1754
23.041399,72.668302,6650000,Thaltej,1112
28.59412,77.211367,21780000,Gurugram-Sector 56,2605
12.988194,80.155596,21370000,OMR,2149
12.989348,77.785328,22400000,Whitefield,2221
12.808142,77.602956,46500000,HSR Layout,3624
17.534807,78.380786,8080000,Banjara Hills,1212
13.044656,80.269574,9420000,Anna Nagar,1318
19.265607,72.776745,39360000,Powai,2003
12.831488,77.664705,21840000,Hebbal,2674
18.909247,72.943962,8740000,Powai,672
18.978751,72.815845,24170000,Navi Mumbai-Kharghar,1415
22.510294,88.425237,9210000,Salt Lake,1237
23.005252,72.617387,7050000,Vastrapur,1425
13.107724,80.320402,14250000,Velachery,1437
28.592843,77.35932,16970000,Noida-Sector 76,2123
17.363459,78.412277,16880000,Gachibowli,2312
17.392127,78.474356,8140000,Manikonda,1125
12.979687,80.165178,19040000,Porur,2263
22.623093,88.345516,20350000,New Town,2364
18.961476,72.940528,17170000,Goregaon East,1003
12.820109,77.631486,9740000,Banashankari,1125
13.163772,80.242041,11680000,Porur,1316
12.92296,80.171045,22570000,OMR,2207
19.113862,72.82817,16240000,Thane West,943
12.858759,77.508467,21920000,Yelahanka,2265
22.589263,88.43558,10910000,Tollygunge,1509
18.457581,73.934682,13760000,Baner,1654
17.44031,78.34246,18950000,Manikonda,2422
28.679429,77.452919,16310000,Noida-Sector 76,1738
18.482472,73.90259,16320000,Wakad,1704
28.754975,77.425604,22890000,Gurugram-DLF Phase 3,2487
12.931128,77.696417,27000000,Marathahalli,3631
19.132978,72.947524,43590000,Vile Parle,3040
22.532625,88.337587,3390000,Jadavpur,467
19.298522,72.947444,51250000,Powai,3350
22.955888,72.434707,13130000,Satellite,2290
23.024958,72.536735,5840000,Maninagar,1167
18.559589,73.817482,12580000,Kothrud,1372
13.152498,80.335197,39350000,Anna Nagar,4173
22.905757,72.571895,7060000,Bodakdev,1118
12.8137,77.651278,18650000,Hebbal,2127
23.050536,72.464812,19470000,Satellite,3735
18.926384,72.878035,15310000,Bandra West,1072
13.030147,77.499935,20770000,Koramangala,2197
22.452139,88.489679,9330000,Behala,1414
23.02858,72.446113,2270000,Vastrapur,533
13.144025,77.491577,20650000,Electronic City,2794
12.945749,80.252248,33390000,Adyar,2842
13.052959,80.278775,26490000,Velachery,2176
28.485796,77.290149,23990000,Noida-Sector 62,2952
18.463542,73.833801,12480000,Kharadi,1219
19.082176,72.891551,83640000,Vile Parle,5770
17.315784,78.589568,19950000,Madhapur,2540
28.45508,77.431152,15410000,Dwarka,1672
22.976846,72.543673,6680000,Prahlad Nagar,1068
23.049903,72.60383,7940000,Satellite,1629
12.863655,77.584756,5960000,Whitefield,698
18.61975,73.923355,13330000,Viman Nagar,1768
13.109569,80.209902,37570000,OMR,3886
22.998073,72.646751,11500000,Vastrapur,2116
19.125919,72.862748,15640000,Thane West,1056
22.580844,88.453765,15070000,New Town,1714
18.927265,72.865302,6180000,Andheri West,449
18.525164,73.864027,12700000,Kharadi,1419
13.127761,77.576522,20150000,Yelahanka,1972
19.124363,72.928756,28280000,Powai,2213
18.565367,73.752874,16330000,Wakad,1650
19.098562,72.900345,27340000,Mulund,1645
28.316337,76.915748,10300000,Dwarka,943
19.150927,72.802046,32690000,Andheri West,2324
12.960695,77.658563,17300000,Sarjapur Road,1896
12.855436,77.709594,22040000,Electronic City,1890
28.69705,77.472257,54200000,Gurugram-Sector 56,6030
12.859899,77.564406,22980000,Hebbal,2411
22.925686,72.467204,6850000,Maninagar,1489
23.088259,72.66634,2200000,Bopal,438
28.729229,77.356293,13660000,Gurugram-Sector 56,1330
19.058771,72.83617,16690000,Thane West,1164
18.519527,73.807599,18810000,Viman Nagar,2239
12.838285,77.736624,14830000,Koramangala,1669
22.491262,88.317855,14850000,Rajarhat,1764
22.549785,88.437105,11980000,Tollygunge,1501
17.309018,78.475567,6460000,Manikonda,807
17.343978,78.580464,10880000,Kondapur,1600
17.428302,78.546582,13960000,Manikonda,1637
18.454931,73.851161,20630000,Wakad,2506
18.463642,73.917865,14260000,Hinjawadi,1704
22.634475,88.312385,11690000,Rajarhat,1692
13.063974,80.164393,11410000,Sholinganallur,1183
13.161733,80.181573,12710000,Porur,1432
17.429444,78.48373,10500000,Kukatpally,1514
28.791267,77.120625,11740000,Gurugram-Sector 56,1149
22.951465,72.611577,25540000,Thaltej,4724
22.454258,88.467265,5790000,Jadavpur,707
28.768988,77.178102,12990000,Gurugram-DLF Phase 3,1506
17.383143,78.30518,31300000,Gachibowli,2850
13.14719,77.791349,15040000,Electronic City,1569
28.312768,77.265423,13150000,Noida-Sector 62,1540
19.031474,72.909801,134200000,Powai,6889
12.976759,77.50194,21650000,Banashankari,2536
13.114424,77.657017,5580000,Koramangala,683
18.565966,73.918813,12490000,Kothrud,1612
22.547673,88.46448,10480000,Salt Lake,1344
28.474352,77.218277,9680000,Faridabad-Sector 21,1050
28.433962,77.029064,47470000,Gurugram-Sector 56,4190
18.603368,73.860579,21260000,Kothrud,2332
22.581055,88.326239,15540000,Behala,2326
12.983567,80.206885,35240000,Adyar,3273
23.080758,72.569992,14490000,Vastrapur,2306
17.391148,78.597993,19610000,Kondapur,2643
28.593659,77.359633,41060000,Noida-Sector 62,4926
28.455881,77.213191,31630000,Gurugram-Sector 56,2466
17.251684,78.393117,21450000,Kukatpally,2587
17.383013,78.513177,46400000,Jubilee Hills,5238
12.849149,77.560439,23670000,Koramangala,2128
18.45629,73.77306,30050000,Aundh,4208
23.069639,72.490052,9350000,Satellite,1685
13.164886,80.210256,5220000,Anna Nagar,747
28.731233,77.38213,6200000,Gurugram-DLF Phase 3,711
17.462269,78.377351,24210000,Kukatpally,3296
22.576584,88.38622,17250000,Tollygunge,2053
22.552808,88.470849,18980000,Salt Lake,2841
19.055616,72.935975,34490000,Bandra West,2245
22.905852,72.692007,2650000,Bopal,660
17.39845,78.439174,3530000,Madhapur,475
19.083108,72.894612,56160000,Goregaon East,2797
18.626671,73.857468,23230000,Wakad,2546
23.124799,72.547473,14050000,Maninagar,2903
17.340887,78.47527,12010000,Gachibowli,1513
22.489388,88.399758,14780000,Rajarhat,1860
12.814081,77.663198,11020000,Banashankari,1291
18.50035,73.831434,14250000,Baner,1504
17.308079,78.332614,29460000,Kukatpally,3585
28.690614,77.134038,20950000,Gurugram-DLF Phase 3,2398
17.463421,78.394188,16300000,Gachibowli,2502
17.277643,78.467487,9870000,Kondapur,1130
17.295148,78.556672,14530000,Banjara Hills,1911
28.313648,77.426583,12440000,Dwarka,1138
18.906458,72.826006,26430000,Powai,1711
19.065951,72.781497,52950000,Vile Parle,3815
17.277637,78.596457,20820000,Banjara Hills,3083
17.281568,78.367867,14700000,Madhapur,1914
18.904685,72.846155,32870000,Mulund,2091
22.474056,88.442539,16470000,Tollygunge,1748
28.570411,77.473078,5400000,Gurugram-DLF Phase 3,657
17.271159,78.589007,12770000,Gachibowli,1461
12.878622,77.486068,7800000,Hebbal,782
17.418201,78.551224,15210000,Manikonda,1779
28.446138,77.147286,19990000,Noida-Sector 62,2237
17.399158,78.355858,13070000,Manikonda,1417
17.421032,78.324663,25360000,Kondapur,2883
28.515657,77.118709,22130000,Noida-Sector 76,2531
13.027597,77.763545,35860000,Hebbal,3599
19.14554,72.855954,36120000,Bandra West,2001
12.879324,77.794973,52770000,Marathahalli,3912
23.011277,72.586625,9660000,Bodakdev,1912
13.047673,77.743672,15670000,Electronic City,1709
22.511424,88.417494,8780000,New Town,1077
18.901896,72.798077,33160000,Bandra West,1837
17.457757,78.31254,18500000,Banjara Hills,2741
17.261409,78.416419,18670000,Kukatpally,2194
28.735669,76.94163,11930000,Dwarka,1212
13.042928,80.264298,15870000,Sholinganallur,1515
13.196247,80.175005,12380000,OMR,1445
12.959823,80.217537,14500000,Sholinganallur,1485
13.179469,80.221339,15140000,Sholinganallur,1677
17.279121,78.311814,14050000,Gachibowli,1683
23.055466,72.577097,15830000,Vastrapur,2284
17.490944,78.556088,9710000,Jubilee Hills,1052
12.824634,77.653964,4480000,Banashankari,496
12.923867,80.344838,15810000,Adyar,1575
19.290867,72.8849,42480000,Navi Mumbai-Kharghar,3063
18.624672,73.907653,20950000,Hinjawadi,2465
23.051954,72.442443,11500000,Vastrapur,1827
12.958313,80.175427,14390000,T Nagar,1473
13.088693,77.618894,29420000,Yelahanka,3054
13.019061,77.644343,31740000,Indiranagar,3337
12.822357,77.473763,4540000,Whitefield,600
23.137492,72.686326,9130000,Prahlad Nagar,1589
13.06396,77.539697,6960000,Whitefield,894
13.101125,77.522223,7570000,Whitefield,808
28.670923,77.123693,35290000,Gurugram-Sector 56,4361
12.944348,77.790517,4430000,Whitefield,607
28.75091,77.335719,54700000,Gurugram-DLF Phase 3,5958
18.608456,73.914937,10460000,Kothrud,1385
28.547601,77.449506,23880000,Faridabad-Sector 21,2356
28.549997,77.110898,19010000,Gurugram-DLF Phase 3,2346
23.115679,72.63425,5990000,Vastrapur,1119
18.631082,73.904493,3850000,Wakad,471
13.020398,80.333855,28040000,Velachery,3179
13.101205,77.730429,8240000,Koramangala,924
13.034949,80.317274,33290000,Porur,3714
18.517415,73.888285,22920000,Aundh,2646
22.609606,88.41635,10830000,New Town,1450
28.790848,77.257163,10420000,Noida-Sector 76,1393
17.301553,78.58992,16390000,Madhapur,2197
19.200278,72.754605,33620000,Thane West,1934
28.656535,76.913128,7730000,Noida-Sector 62,853
17.50755,78.383554,7780000,Banjara Hills,1054
13.136073,80.215096,19530000,Anna Nagar,2153
22.638657,88.370787,10460000,Rajarhat,1192
22.630733,88.350584,14060000,Tollygunge,1980
22.454937,88.343739,27130000,Salt Lake,3690
18.52888,73.758378,13140000,Aundh,1553
22.969741,72.578155,3720000,Bodakdev,741
17.274339,78.348734,6150000,Manikonda,789
22.480009,88.385709,10800000,Salt Lake,1455
22.506889,88.312989,4270000,Jadavpur,676
18.604073,73.887545,21910000,Aundh,2841
18.623835,73.782836,11970000,Kothrud,1366
13.189243,80.268195,9920000,OMR,1101
18.459553,73.765221,20030000,Viman Nagar,2066
23.082754,72.450707,12910000,Vastrapur,1962
12.861739,77.732311,48150000,Marathahalli,4350
13.189223,80.177384,16070000,Porur,1684
22.91227,72.493447,16780000,Bodakdev,2345
13.006799,77.646417,12120000,Yelahanka,1153
12.987812,80.177242,67210000,Sholinganallur,6128
12.896792,77.489415,24710000,Yelahanka,2537
22.481721,88.456279,24850000,Tollygunge,2962
12.889184,77.484592,14480000,Sarjapur Road,1396
13.152573,80.270314,12890000,Sholinganallur,1602
28.428228,77.450922,19880000,Noida-Sector 76,1720
28.676664,77.233772,13240000,Gurugram-Sector 56,1490
28.64222,77.43574,11300000,Gurugram-DLF Phase 3,1287
22.624945,88.32307,28150000,Behala,3556
13.140861,80.194102,18740000,Adyar,1836
22.525809,88.323032,6280000,Salt Lake,731
13.053365,77.546278,17390000,Koramangala,2134
13.159575,80.200563,13620000,Porur,1659
28.484128,77.335137,20270000,Ghaziabad-Indirapuram,2372
22.622617,88.402596,40790000,Tollygunge,4840
17.491784,78.327017,18860000,Jubilee Hills,2072
18.452134,73.786966,14020000,Wakad,1565
19.155715,72.865006,33100000,Mulund,2000
12.912856,80.223367,16780000,Velachery,2428
19.281115,72.903519,88590000,Andheri West,5260
12.930742,80.224113,16030000,T Nagar,1946
18.52682,73.940387,14210000,Hinjawadi,1754
28.454751,77.465819,22630000,Gurugram-Sector 56,2273
22.995608,72.513489,7560000,Thaltej,1250
22.570078,88.481468,20260000,Rajarhat,2264
22.955128,72.48394,17150000,Bodakdev,2467
13.181173,80.340839,10690000,T Nagar,978
13.063557,80.21142,18260000,Sholinganallur,2263
17.426698,78.548197,9500000,Gachibowli,1297
28.539161,76.936653,20160000,Dwarka,2379
13.194511,80.177749,9370000,Velachery,1048
23.012966,72.563708,17450000,Satellite,3483
28.460058,77.246083,25380000,Ghaziabad-Indirapuram,2221
17.388206,78.41822,45640000,Gachibowli,5461
28.411135,77.217845,31270000,Dwarka,2817
17.499907,78.400085,29980000,Banjara Hills,3218
28.696227,76.921115,15090000,Faridabad-Sector 21,1626
18.517457,73.89816,7230000,Kharadi,840
19.267696,72.807583,40480000,Bandra West,2615
13.036808,80.307385,39220000,Porur,3953
22.607442,88.445661,18050000,New Town,2651
19.06715,72.847821,74700000,Bandra West,3591
18.593753,73.792847,19500000,Viman Nagar,1714
12.971039,80.256998,12430000,Porur,1472
12.967289,77.678814,3730000,Sarjapur Road,467
12.842335,77.702585,23280000,Koramangala,2628
28.375064,77.072028,11400000,Noida-Sector 76,1450
23.111586,72.477807,25360000,Thaltej,4111
17.455335,78.492612,10260000,Gachibowli,1361
18.474527,73.791444,18490000,Hinjawadi,1906
22.919927,72.41434,8020000,Prahlad Nagar,1593
13.166891,80.237362,10120000,Anna Nagar,1259
12.801059,77.537252,54420000,Indiranagar,4075
18.99332,72.784839,50390000,Vile Parle,3531
23.065189,72.597779,21360000,Bodakdev,3683
18.552629,73.93542,5460000,Wakad,646
18.638654,73.884055,11760000,Kothrud,1528
22.635245,88.440402,20400000,Behala,2700
23.146253,72.518557,4800000,Satellite,987
13.121423,77.562426,4900000,Sarjapur Road,615
12.895025,77.604998,7660000,Yelahanka,917
28.722409,77.368628,22650000,Faridabad-Sector 21,2297
19.019485,72.944255,21490000,Thane West,1523
19.047812,72.909786,24040000,Andheri West,1700
18.921388,72.855752,79770000,Vile Parle,4624
13.12193,80.323974,48840000,Anna Nagar,4224
18.520726,73.752523,29490000,Kothrud,2675
28.72128,77.107204,31890000,Noida-Sector 62,2989
13.067517,77.659598,26000000,Electronic City,2772
12.937164,77.735919,29910000,Sarjapur Road,3790
12.866273,77.584301,13600000,Whitefield,1743
18.640499,73.867665,23720000,Hinjawadi,2193
19.121584,72.825584,15730000,Mulund,993
13.030723,80.185405,9310000,Adyar,1048
17.373003,78.585192,16000000,Madhapur,2063
17.3034,78.439147,12980000,Gachibowli,1665
18.554381,73.832641,9080000,Kharadi,931
12.97681,80.302788,10730000,OMR,1365
22.590539,88.333638,17110000,Salt Lake,1850
12.953322,77.465339,25390000,Koramangala,2442
23.007102,72.551945,16770000,Satellite,4000
12.922106,80.227371,17720000,T Nagar,1915
28.427552,77.439306,5280000,Ghaziabad-Indirapuram,600
17.365208,78.433222,4470000,Jubilee Hills,697
13.011429,80.260048,27480000,Velachery,2750
22.96925,72.614318,7080000,Maninagar,1180
12.906875,80.18238,10140000,T Nagar,1011
28.720717,77.444447,19550000,Gurugram-Sector 56,1715
17.306932,78.553953,13920000,Kondapur,1820
22.594033,88.492481,19470000,Tollygunge,2580
22.990123,72.471979,7050000,Thaltej,1514
17.304517,78.556035,13070000,Madhapur,1626
17.410247,78.505878,55200000,Gachibowli,5709
17.530128,78.503012,12100000,Jubilee Hills,1632
18.926285,72.787262,19440000,Thane West,1164
19.0409,72.92865,24500000,Powai,1226
13.129347,80.311385,15640000,Adyar,1666
13.194741,80.178327,15360000,Sholinganallur,1706
13.105102,80.248355,20200000,Sholinganallur,2343
12.830267,77.792074,27670000,HSR Layout,2697
28.585787,77.351139,10950000,Ghaziabad-Indirapuram,1141
18.497446,73.87748,22380000,Baner,2451
22.901722,72.414982,12100000,Prahlad Nagar,2557
17.419514,78.484938,10490000,Gachibowli,1524
18.53279,73.836925,14790000,Kothrud,1721
12.844906,77.703033,14240000,Yelahanka,1787
22.969534,72.529851,4360000,Thaltej,821
12.891382,77.576174,32800000,HSR Layout,3289
12.909801,80.308294,14260000,Velachery,1717
12.86964,77.496717,8670000,Electronic City,1006
28.328333,77.066796,15130000,Gurugram-DLF Phase 3,1736
17.514929,78.438771,4920000,Kukatpally,764
13.117412,80.179487,11370000,Anna Nagar,1300
18.520992,73.869636,12940000,Viman Nagar,1600
12.99142,80.318124,22670000,Velachery,2367
22.544833,88.458958,32100000,Salt Lake,4030
13.029439,80.1652,8700000,Velachery,914
23.147858,72.489386,7480000,Maninagar,1666
23.052629,72.614458,7650000,Bodakdev,1441
12.869707,77.707375,36000000,Indiranagar,3628
13.109252,80.182803,10910000,T Nagar,1232
28.400563,77.035365,14840000,Gurugram-DLF Phase 3,1819
18.47009,73.880838,40010000,Hinjawadi,3549
19.102892,72.863101,22020000,Thane West,1254
23.054452,72.571294,6200000,Vastrapur,1107
22.473654,88.477526,10010000,New Town,1580
17.294813,78.588039,20680000,Jubilee Hills,2262
22.632453,88.430726,28100000,Jadavpur,3744
17.291078,78.579732,22750000,Jubilee Hills,3225
17.280488,78.510455,27450000,Banjara Hills,3275
28.656401,77.087577,31980000,Dwarka,3686
17.310952,78.400011,14180000,Kondapur,1582
12.936668,80.288302,47740000,OMR,3914
22.575821,88.386002,16370000,Behala,2230
23.04026,72.663053,2740000,Prahlad Nagar,593
13.048902,80.32477,23370000,Adyar,2293
12.955853,77.651982,13210000,Marathahalli,1318
23.113208,72.695428,23870000,Thaltej,4670
13.019321,77.640593,7690000,Whitefield,898
19.265645,72.808997,29370000,Thane West,1927
22.451655,88.328542,4630000,Jadavpur,781
22.557528,88.478551,28210000,New Town,2834
19.079803,72.91588,86040000,Navi Mumbai-Kharghar,3893
13.048424,80.268313,6990000,T Nagar,718
17.488035,78.355657,57730000,Gachibowli,6353
19.065642,72.777108,22730000,Powai,1499
22.487128,88.30499,13040000,Rajarhat,1342
12.894457,77.478799,15190000,Electronic City,1572
22.995566,72.439424,11510000,Satellite,2162
17.496259,78.467247,22390000,Kukatpally,3411
28.384086,77.498723,25040000,Noida-Sector 76,2736
22.934716,72.548342,5880000,Bodakdev,1067
22.640618,88.316496,16740000,Tollygunge,1994
17.278647,78.465161,23330000,Madhapur,2668
18.644188,73.832317,17960000,Viman Nagar,1625
22.460756,88.325557,18110000,Salt Lake,2470
19.019938,72.915043,12980000,Powai,881
13.111078,80.227485,17410000,Anna Nagar,1913
18.612339,73.81152,5230000,Viman Nagar,708
22.511345,88.367473,15720000,New Town,2461
19.14452,72.940212,23240000,Goregaon East,1518
28.377794,77.492617,12840000,Gurugram-Sector 56,1462
22.602091,88.443012,25930000,Tollygunge,2834
18.905892,72.880266,45900000,Navi Mumbai-Kharghar,2817
12.944208,80.22366,4930000,Anna Nagar,607
22.559202,88.315272,8750000,New Town,1005
23.015173,72.418344,13110000,Thaltej,2852
12.984827,77.793443,17390000,Electronic City,2083
13.076009,80.322531,13690000,OMR,1392
13.127842,80.334318,6250000,Adyar,808
12.91826,80.326195,13820000,OMR,1738
18.54785,73.874686,6470000,Wakad,837
18.990068,72.92975,18640000,Andheri West,1100
22.633827,88.418419,10690000,Salt Lake,1473
17.298016,78.571924,14470000,Gachibowli,2216
18.91058,72.864216,18310000,Vile Parle,1372
22.588485,88.350265,6100000,Tollygunge,846
13.182827,80.183186,22840000,Sholinganallur,1947
28.495895,77.233269,20810000,Dwarka,2078
17.301072,78.508087,9560000,Banjara Hills,1222
18.459355,73.943018,8070000,Aundh,998
19.254424,72.9073,24990000,Bandra West,1620
17.514,78.542656,28440000,Manikonda,3528
13.010917,80.195079,3900000,Adyar,466
23.006835,72.491417,6980000,Prahlad Nagar,1358
18.959661,72.845076,27920000,Powai,1608
28.766508,77.009822,12190000,Noida-Sector 62,1723
19.237537,72.87736,37670000,Mulund,2397
18.590486,73.943155,9100000,Kharadi,1019
19.075676,72.750398,21600000,Navi Mumbai-Kharghar,1388
13.074276,80.294543,4330000,Porur,559
19.0305,72.939305,43900000,Navi Mumbai-Kharghar,2683
13.022461,77.731563,11280000,Yelahanka,1198
22.541706,88.349729,27740000,Rajarhat,3641
17.512111,78.548121,7080000,Madhapur,925
19.141933,72.82739,30800000,Goregaon East,1831
22.536766,88.360222,25340000,Behala,3747
28.402063,77.386916,12960000,Dwarka,1446
13.182983,80.26174,22780000,Sholinganallur,2446
18.990215,72.764509,9100000,Bandra West,618
22.507322,88.421787,6770000,Salt Lake,869
23.051255,72.422012,6480000,Bopal,1147
19.297784,72.799729,27610000,Mulund,1514
23.080594,72.502764,9710000,Satellite,2022
19.051429,72.76925,44470000,Vile Parle,2629
18.52808,73.764686,21940000,Aundh,2942
22.553387,88.309684,19870000,Jadavpur,2122
19.20279,72.863685,32260000,Navi Mumbai-Kharghar,1761
18.562212,73.893673,4130000,Hinjawadi,609
22.480853,88.38432,20840000,New Town,2698
18.563434,73.761323,17630000,Wakad,2291
18.559388,73.751383,21780000,Kharadi,2444
22.964769,72.455813,12920000,Thaltej,2694
12.874705,77.504154,4430000,Banashankari,546
23.018229,72.612418,5080000,Vastrapur,1066
13.078504,80.279138,8350000,Anna Nagar,988
12.845767,77.504932,13940000,Indiranagar,1459
17.482305,78.457907,8620000,Gachibowli,1066
23.142766,72.656895,25200000,Vastrapur,5163
22.901712,72.515924,7650000,Bodakdev,1479
13.135416,77.592873,14840000,Koramangala,1461
23.147508,72.566572,9870000,Prahlad Nagar,2351
18.580135,73.911748,51190000,Hinjawadi,4464
28.71955,77.092,9520000,Dwarka,949
19.01796,72.779336,35010000,Andheri West,1812
13.074277,80.290653,15150000,Velachery,1931
23.139871,72.605574,9760000,Thaltej,1941
12.816476,77.655148,4830000,Hebbal,706
18.99445,72.770312,44090000,Navi Mumbai-Kharghar,3069
23.06285,72.610468,4800000,Maninagar,885
13.146387,77.736791,12810000,Whitefield,1413
28.387525,76.954282,14670000,Dwarka,1691
28.338461,77.298643,13960000,Noida-Sector 62,1748
28.537176,77.171404,27090000,Noida-Sector 62,2657
18.576741,73.821203,5120000,Hinjawadi,752
22.463221,88.48503,22790000,Salt Lake,2533
18.46032,73.769981,11650000,Viman Nagar,1438
13.096964,80.198878,22980000,Sholinganallur,2377
18.930155,72.813952,52710000,Mulund,2693
17.410256,78.362723,13780000,Gachibowli,1627
22.640151,88.349503,21870000,Behala,3076
28.555449,77.271753,22460000,Noida-Sector 62,2644
17.280977,78.442446,19590000,Manikonda,2378
17.452143,78.450028,15120000,Banjara Hills,1572
18.529646,73.789292,17300000,Kothrud,2065
17.436127,78.435449,22700000,Jubilee Hills,2667
23.106381,72.563649,10060000,Bodakdev,1746
19.140889,72.79929,61530000,Andheri West,3006
22.586369,88.485245,8640000,New Town,1022
13.12129,77.624761,5790000,Koramangala,707
12.970296,77.733054,10520000,HSR Layout,1258
28.680211,77.116975,8080000,Gurugram-Sector 56,874
22.967986,72.691599,9410000,Thaltej,1972
13.081602,80.173164,7600000,Velachery,837
18.628991,73.770465,12720000,Wakad,1664
17.293773,78.366576,9370000,Jubilee Hills,1077
22.527701,88.384076,4040000,Tollygunge,649
12.863123,77.730948,20530000,Indiranagar,2459
18.497832,73.902578,7630000,Kothrud,863
13.062472,80.30382,9100000,T Nagar,1203
13.012102,80.195139,6500000,Porur,864
22.575505,88.393095,26120000,Behala,2830
22.467308,88.440059,25610000,New Town,3558
18.466625,73.919161,22810000,Kharadi,2571
13.04908,80.2185,20070000,Porur,2262
22.52845,88.48607,24540000,New Town,2842
22.53817,88.455525,11640000,Salt Lake,1610
28.346804,77.17167,3940000,Noida-Sector 62,583
17.405398,78.451014,24580000,Jubilee Hills,3177
23.116772,72.443671,12520000,Thaltej,2320
22.488186,88.426861,13150000,Tollygunge,1762
22.471341,88.403191,7690000,Behala,1080
28.775928,77.492433,17970000,Faridabad-Sector 21,1817
23.040044,72.594205,13910000,Bodakdev,2888
28.775063,76.969572,20110000,Gurugram-Sector 56,1807
18.585571,73.866513,6860000,Kharadi,838
19.29363,72.890684,42970000,Thane West,2568
22.631947,88.419575,8290000,Salt Lake,1125
18.956795,72.828569,32090000,Vile Parle,1950
13.108822,80.189629,22480000,Adyar,2463
23.070736,72.586491,3400000,Bopal,659
13.072914,77.535577,46070000,Koramangala,4296
12.965023,80.335367,13710000,Sholinganallur,1741
13.080668,80.328398,12670000,T Nagar,1296
18.463994,73.914593,29880000,Wakad,3737
18.978471,72.774698,30100000,Andheri West,2087
18.995687,72.939038,38220000,Mulund,1949
22.645037,88.432532,27150000,Behala,3797
22.508146,88.331814,11360000,Jadavpur,1340
22.601632,88.451697,4730000,Rajarhat,669
22.934817,72.539199,3960000,Satellite,723
12.867354,77.700219,17520000,Marathahalli,2171
22.649537,88.328079,19110000,Salt Lake,2547
19.197893,72.938205,17500000,Andheri West,1084
28.603903,77.045375,32850000,Faridabad-Sector 21,3842
19.17427,72.921151,36600000,Vile Parle,2374
13.07016,80.165103,3800000,OMR,447
17.323211,78.44831,2960000,Jubilee Hills,453
28.744333,77.398063,21790000,Faridabad-Sector 21,2160
23.034368,72.603021,12010000,Bodakdev,2401
19.111635,72.766185,10370000,Vile Parle,690
19.117561,72.937991,38360000,Mulund,2200
28.689568,77.310519,26350000,Faridabad-Sector 21,3179
17.468681,78.507029,15150000,Banjara Hills,1747
23.074131,72.631803,6460000,Vastrapur,1193
18.576369,73.886942,16480000,Hinjawadi,1793
22.61466,88.399918,15600000,Behala,1800
28.710164,77.040652,18770000,Gurugram-Sector 56,2388
19.16034,72.902087,56590000,Mulund,3795
13.083807,80.265192,20680000,Sholinganallur,1719
22.546057,88.442225,16550000,Salt Lake,2364
12.981087,77.661578,18340000,Hebbal,1526
22.620671,88.428496,13300000,Tollygunge,1759
17.418893,78.516961,30470000,Manikonda,3383
17.300346,78.39934,11860000,Jubilee Hills,1433
19.207912,72.920031,71290000,Bandra West,4160
22.575774,88.351633,3910000,New Town,571
19.115273,72.889324,32900000,Powai,1726
17.537489,78.444006,12210000,Kukatpally,1778
23.128447,72.659476,10570000,Thaltej,2011
12.957037,77.773161,14910000,Marathahalli,1749
19.069125,72.807155,41740000,Bandra West,2024
12.80584,77.764017,6310000,Hebbal,699
19.039705,72.940173,26800000,Goregaon East,1842
17.478661,78.471582,4150000,Kukatpally,595
13.117119,80.167624,5440000,Anna Nagar,754
22.975894,72.634926,4370000,Vastrapur,948
12.941574,77.499488,5490000,Sarjapur Road,689
19.181384,72.78158,15450000,Bandra West,1002
12.891752,77.596478,17280000,Koramangala,1772
13.054802,77.583321,31060000,Hebbal,2849
12.962194,80.174251,22420000,Porur,2643
12.802739,77.644808,29190000,Sarjapur Road,2707
13.002854,80.257036,60610000,Anna Nagar,6132
18.467397,73.887166,29040000,Hinjawadi,2800
18.617014,73.829201,11450000,Baner,1683
28.754995,77.232129,29320000,Noida-Sector 62,3122
22.620513,88.359783,10350000,Tollygunge,1567
22.638479,88.374156,21390000,Jadavpur,2682
12.999628,77.54524,11810000,Sarjapur Road,1388
28.362495,76.930572,13640000,Faridabad-Sector 21,1506
17.321336,78.34337,5680000,Kukatpally,773
18.470352,73.830089,17760000,Hinjawadi,1919
17.503915,78.527394,13430000,Gachibowli,1847
22.523603,88.434761,22020000,Tollygunge,2589
22.603725,88.476888,25610000,Salt Lake,3107
28.364211,77.017674,28920000,Dwarka,2719
13.155001,80.331017,21690000,Porur,2280
12.838952,77.605021,20260000,Sarjapur Road,1893
23.0364,72.653667,11650000,Vastrapur,2686
22.460616,88.410462,9660000,Behala,1316
22.496381,88.454541,7820000,New Town,993
22.566581,88.396438,8010000,Salt Lake,1162
23.013386,72.649819,9640000,Maninagar,1692
18.621757,73.86733,30870000,Kothrud,3799
18.552347,73.90805,13610000,Kharadi,1529
17.38171,78.412376,18900000,Kukatpally,2376
18.607559,73.793135,15340000,Kharadi,1641
13.116632,80.340191,10060000,T Nagar,1058
28.450209,77.156266,36680000,Ghaziabad-Indirapuram,3640
12.894171,77.595268,25660000,Koramangala,2084
28.467786,77.486694,12150000,Dwarka,1240
23.107835,72.572605,7170000,Bopal,1089
12.827905,77.773987,11060000,Marathahalli,1031
18.628865,73.92331,21480000,Baner,2707
18.523193,73.86878,4790000,Viman Nagar,609
12.984621,77.707937,13560000,Banashankari,1360
18.510123,73.840657,24550000,Aundh,2656
17.255767,78.395839,17160000,Madhapur,2737
28.376264,77.354892,17980000,Dwarka,1689
19.057308,72.764241,30880000,Andheri West,1942
12.92528,77.782288,26830000,HSR Layout,2471
13.01249,77.680836,23090000,Yelahanka,2397
22.928645,72.681481,5940000,Bopal,1134
23.067191,72.659441,16470000,Maninagar,3779
28.52472,76.941027,29470000,Gurugram-Sector 56,2763
17.255529,78.360019,10510000,Madhapur,1161
13.096323,77.590512,7570000,Koramangala,934
22.948663,72.429933,3180000,Bodakdev,675
17.490311,78.55494,15130000,Gachibowli,1983
22.496941,88.315362,11780000,New Town,1643
13.054198,77.593222,17050000,Indiranagar,1679
13.086135,77.61057,19980000,Indiranagar,2007
22.599559,88.499776,27880000,Jadavpur,2771
28.76551,76.912791,19510000,Gurugram-Sector 56,2225
17.494762,78.58027,6760000,Kondapur,889
13.132846,80.155303,12980000,Adyar,1367
19.050446,72.815914,20520000,Mulund,1105
28.360718,76.981748,16860000,Noida-Sector 62,2035
18.640753,73.866638,9090000,Kharadi,1241
13.099395,77.450423,31180000,Marathahalli,3884
19.20884,72.856061,31600000,Vile Parle,2020
28.667086,77.295154,14840000,Dwarka,1613
28.741897,76.944631,23710000,Noida-Sector 76,2480
18.642635,73.84121,31330000,Baner,3160
13.114835,80.254953,19510000,Velachery,2343
13.134948,77.759751,9070000,Sarjapur Road,971
19.207008,72.778309,39500000,Andheri West,2205
18.607756,73.816258,11220000,Kothrud,1580
17.545232,78.494376,5690000,Gachibowli,699
28.43818,77.252537,19080000,Ghaziabad-Indirapuram,2584
19.062706,72.814235,23780000,Powai,1825
28.740964,77.305976,47920000,Gurugram-Sector 56,6250
17.333131,78.555,12010000,Manikonda,1428
18.549376,73.833328,17590000,Aundh,2260
22.97063,72.470889,7020000,Vastrapur,1370
12.9737,80.246414,16620000,Porur,2423
12.997478,80.23752,7600000,Adyar,850
18.986555,72.879233,14560000,Mulund,941
28.621657,77.449605,14260000,Noida-Sector 76,1758
18.909956,72.767008,6890000,Vile Parle,559
23.038352,72.670461,13430000,Maninagar,2111
23.074769,72.481775,8640000,Bopal,1543
17.404593,78.53847,6070000,Madhapur,730
28.300587,77.208662,6210000,Gurugram-Sector 56,602
23.024091,72.621073,6440000,Maninagar,1248
13.003965,80.226716,31510000,Adyar,3290
17.346069,78.448921,27840000,Gachibowli,2867
22.936339,72.532412,17830000,Prahlad Nagar,3000
18.915953,72.781239,6890000,Goregaon East,478
13.187523,80.246356,24890000,Porur,2887
17.539943,78.37068,22280000,Jubilee Hills,2691
22.463981,88.372028,16080000,Rajarhat,1947
17.375511,78.558473,10070000,Kondapur,1456
22.984647,72.422808,8110000,Vastrapur,1596
17.487801,78.526391,10990000,Madhapur,1501
18.614776,73.803192,15440000,Viman Nagar,1791
12.993652,80.182643,21580000,Porur,2330
18.647299,73.818654,12240000,Baner,1492
13.026524,80.156355,4800000,T Nagar,611
12.928091,77.526461,37790000,HSR Layout,3720
22.472947,88.402789,15610000,Behala,2007
22.576135,88.453007,7180000,New Town,724
13.170353,80.222339,32520000,Sholinganallur,2657
12.95277,80.242336,4900000,Porur,624
28.587857,77.254054,16640000,Ghaziabad-Indirapuram,1784
18.909171,72.927471,40180000,Goregaon East,2736
18.640821,73.901938,22340000,Baner,2524
18.999859,72.793241,25010000,Goregaon East,1584
13.134517,80.342771,15840000,Velachery,1974
28.365135,77.140195,40880000,Gurugram-DLF Phase 3,3280
17.474555,78.306641,12760000,Jubilee Hills,1548
17.277815,78.586584,28600000,Manikonda,2955
12.990259,77.474372,62320000,Electronic City,6764
18.477638,73.766909,9430000,Aundh,1206
19.069025,72.931889,33300000,Powai,2368
17.46409,78.532161,24080000,Kukatpally,3280
18.585027,73.854348,20260000,Viman Nagar,1940
17.41787,78.551635,19620000,Banjara Hills,2206
23.080634,72.562247,7470000,Vastrapur,1610
18.572291,73.945339,16320000,Wakad,1659
23.090014,72.572427,25440000,Vastrapur,4716
18.61491,73.89667,34980000,Baner,3418
28.61315,77.351645,17670000,Gurugram-DLF Phase 3,1668
22.555864,88.423348,13650000,Tollygunge,1614
28.618948,77.360448,19750000,Faridabad-Sector 21,2186
22.569314,88.351434,39660000,Jadavpur,5688
17.395303,78.429224,11030000,Kondapur,1305
12.92067,77.795578,15360000,Whitefield,1749
17.482359,78.369658,9630000,Madhapur,1062
22.928948,72.501409,7080000,Prahlad Nagar,1470
13.068247,77.459069,4440000,Sarjapur Road,555
18.532357,73.837604,12680000,Kharadi,1174
22.624556,88.314608,18510000,Salt Lake,2714
12.919042,80.166374,26770000,OMR,2522
23.047656,72.643467,10220000,Maninagar,2203
22.467115,88.420114,16240000,Rajarhat,2492
19.138706,72.775495,16570000,Mulund,1019
18.51178,73.828096,14810000,Kothrud,1788
12.894804,77.54035,29220000,HSR Layout,2944
18.638064,73.923099,22590000,Viman Nagar,2475
22.479819,88.362163,15480000,Behala,1805
22.919758,72.599538,4350000,Satellite,1042
13.005758,80.242272,17010000,OMR,2005
17.401976,78.551361,8740000,Manikonda,1075
18.473532,73.812439,18980000,Baner,1549
22.945246,72.606232,9420000,Satellite,1654
18.486341,73.800475,20920000,Wakad,2623
18.933265,72.832154,28970000,Mulund,2159
18.491724,73.905112,48780000,Viman Nagar,4857
13.023809,80.200223,21690000,OMR,2318
17.387421,78.429705,12210000,Manikonda,1654
12.944798,77.736005,11800000,Banashankari,1601
22.534859,88.460385,18870000,Jadavpur,2531
17.369509,78.563548,15910000,Banjara Hills,1904
22.92184,72.400392,4870000,Maninagar,1116
28.373318,76.932211,22770000,Dwarka,2420
22.454585,88.461712,20030000,Salt Lake,2456
18.549646,73.937035,19930000,Kharadi,2551
22.542488,88.386572,3790000,Salt Lake,611
13.148547,77.790101,22860000,Electronic City,2522
12.982554,80.30897,21940000,Velachery,2350
22.519318,88.406137,6750000,Salt Lake,918
17.443956,78.505668,21270000,Manikonda,2371
22.458214,88.48349,11990000,Tollygunge,1497
13.057831,77.734282,27190000,Whitefield,2698
17.482957,78.429278,16990000,Kondapur,2559
28.481765,77.161085,19150000,Dwarka,1778
18.937396,72.893639,28410000,Goregaon East,2306
22.908245,72.612449,9580000,Prahlad Nagar,2374
18.610877,73.89783,17550000,Viman Nagar,2147
17.340706,78.482815,5350000,Jubilee Hills,704
22.641747,88.324347,9560000,New Town,1524
18.515572,73.827008,6690000,Wakad,694
19.284852,72.821026,26280000,Andheri West,1698
22.616591,88.441914,9220000,New Town,1011
13.08544,80.154186,10060000,Velachery,943
28.355116,77.499006,11000000,Gurugram-Sector 56,1443
12.985404,77.706927,12210000,Koramangala,1359
28.689529,76.959116,12380000,Gurugram-Sector 56,1409
22.538167,88.322264,8520000,Jadavpur,1100
18.466792,73.825685,16100000,Kharadi,2054
17.510805,78.440692,11430000,Kukatpally,1486
19.099838,72.831243,19700000,Powai,1234
17.495231,78.344789,8790000,Kukatpally,1140
17.384782,78.594113,14420000,Kukatpally,2122
22.534046,88.417054,14220000,Behala,2339
13.077267,80.282891,21990000,T Nagar,2405
19.020507,72.810362,9990000,Mulund,737
13.141976,80.257421,24000000,Adyar,3397
23.142783,72.496288,9060000,Maninagar,1838
12.899572,77.621567,25570000,Yelahanka,2725
17.250137,78.351137,29260000,Banjara Hills,4091
22.559761,88.413164,14620000,Tollygunge,1801
17.517009,78.345644,9130000,Kondapur,1028
12.834431,77.471573,12950000,Hebbal,1630
23.018522,72.408891,13930000,Bopal,2774
18.907468,72.884643,10150000,Goregaon East,627
17.300778,78.578372,16020000,Gachibowli,2408
23.079979,72.503854,8340000,Maninagar,1931
19.033124,72.770164,13880000,Thane West,1071
12.88304,77.497008,17060000,Whitefield,1725
28.511556,77.354452,12170000,Faridabad-Sector 21,1106
19.280734,72.893053,44480000,Bandra West,1921
18.917355,72.822245,31860000,Powai,1830
18.534704,73.89711,10260000,Viman Nagar,1057
18.595583,73.75801,14860000,Kothrud,1653
22.642707,88.314941,18240000,New Town,3076
22.583217,88.485113,15710000,Tollygunge,2040
18.614745,73.942238,46330000,Viman Nagar,5591
13.139428,80.195516,7650000,Anna Nagar,889
18.466135,73.913376,11370000,Kharadi,1400
22.934377,72.513754,14170000,Thaltej,2800
12.925581,80.205042,3690000,Sholinganallur,494
22.942849,72.555361,14310000,Prahlad Nagar,2595
28.517381,77.131919,18170000,Noida-Sector 62,2218
18.611965,73.820846,22140000,Viman Nagar,2266
17.543559,78.533096,12680000,Banjara Hills,1595
28.654815,77.072738,22000000,Noida-Sector 76,2605
28.55232,77.474201,6400000,Noida-Sector 76,697
22.648956,88.391361,14270000,Rajarhat,2148
22.989024,72.40129,5640000,Satellite,1328
18.57778,73.929024,11560000,Aundh,1262
12.950205,80.152752,18930000,Porur,2357
17.520377,78.417248,58610000,Gachibowli,5653
17.507494,78.571276,16860000,Manikonda,1745
19.129996,72.925763,24900000,Mulund,1749
22.991051,72.667308,8380000,Maninagar,1787
13.087404,77.791438,22070000,Banashankari,2321
18.54764,73.811774,16550000,Aundh,2133
13.164714,80.275553,12770000,Porur,1326
28.761498,77.110664,14310000,Faridabad-Sector 21,1484
18.615374,73.843483,22000000,Hinjawadi,2094
22.980846,72.556921,10150000,Satellite,2228
18.499489,73.947402,25210000,Kothrud,2105
22.586801,88.407336,7910000,Jadavpur,1033
22.918808,72.41244,3850000,Bodakdev,676
22.601344,88.467637,15140000,Behala,1897
28.578631,77.041366,6220000,Faridabad-Sector 21,725
19.006502,72.842534,20540000,Powai,1321
19.140206,72.779608,37480000,Bandra West,2655
12.937304,77.551535,30700000,Yelahanka,2847
23.035102,72.51164,7540000,Vastrapur,1617
18.579701,73.944428,4900000,Baner,632
18.539541,73.812955,34370000,Wakad,3617
17.413537,78.366204,21970000,Jubilee Hills,2927
13.040351,80.336766,20870000,Velachery,2701
19.128346,72.908551,21290000,Goregaon East,1557
17.46866,78.415901,12020000,Kukatpally,1293
13.063339,80.258891,43240000,Anna Nagar,3247
28.375951,76.943918,27080000,Faridabad-Sector 21,2350
22.994055,72.502826,6960000,Satellite,1396
18.648253,73.893799,9230000,Kharadi,952
23.041,72.617664,7770000,Bodakdev,1589
12.969165,77.732422,24100000,Yelahanka,2170
18.556833,73.764599,16070000,Wakad,1734
18.576944,73.858605,7700000,Aundh,959
22.636397,88.396634,15980000,Jadavpur,1861
13.08582,80.325282,9100000,OMR,1096
12.927553,77.461254,13990000,Yelahanka,1577
13.063351,77.674588,11870000,Marathahalli,1304
18.484303,73.814856,37020000,Hinjawadi,3529
19.265254,72.871427,37170000,Bandra West,2065
17.486761,78.588672,11790000,Banjara Hills,1558
22.578328,88.344568,6000000,Salt Lake,703
17.343565,78.48772,35230000,Banjara Hills,3680
28.343536,76.953162,31510000,Noida-Sector 62,2867
22.63423,88.485307,9260000,Rajarhat,1203
22.500959,88.474685,15440000,Salt Lake,2140
12.909303,77.703056,9140000,Banashankari,911
18.61108,73.759654,11590000,Viman Nagar,1352
19.206098,72.841228,63510000,Andheri West,3927
28.773098,76.949347,38900000,Noida-Sector 62,3904
19.2515,72.928296,24110000,Bandra West,1518
22.649955,88.499687,27900000,Rajarhat,4034
19.197161,72.931517,26580000,Vile Parle,1849
19.204112,72.900889,30790000,Andheri West,2212
22.622724,88.31435,13630000,Jadavpur,2161
12.917537,80.182407,37820000,Adyar,3311
17.455053,78.36878,13660000,Manikonda,1651
22.57751,88.38478,22540000,Rajarhat,2539
17.503627,78.434464,12820000,Jubilee Hills,1468
18.464767,73.774161,23610000,Viman Nagar,2789
13.196026,80.322688,27710000,Velachery,2869
12.837127,77.72125,20380000,Banashankari,2401
28.558742,77.201568,15060000,Ghaziabad-Indirapuram,1491
17.531455,78.37729,33830000,Banjara Hills,3479
23.057565,72.431069,12470000,Prahlad Nagar,2410
13.057076,80.337584,23920000,Anna Nagar,2746
18.561848,73.860186,16320000,Hinjawadi,1690
12.953267,77.635453,14800000,Sarjapur Road,1752
19.237453,72.870709,19660000,Navi Mumbai-Kharghar,1324
28.41167,77.160351,3320000,Ghaziabad-Indirapuram,453
28.401265,76.999713,12400000,Dwarka,1393
19.21861,72.781003,36800000,Vile Parle,1911
18.98121,72.932971,31700000,Bandra West,1833
22.587045,88.40477,12670000,Behala,1679
18.564193,73.876338,9450000,Kothrud,1006
12.800641,77.55927,15340000,Yelahanka,1755
19.2947,72.924728,22620000,Andheri West,1510
28.570444,77.040391,8920000,Noida-Sector 62,1064
13.064263,80.17404,36060000,Anna Nagar,3675
13.024825,77.574173,3650000,HSR Layout,502
17.417128,78.573392,17130000,Manikonda,2031
28.486734,77.313965,21580000,Ghaziabad-Indirapuram,2607
13.056576,80.25746,14940000,Anna Nagar,1884
18.517278,73.845855,32680000,Aundh,3718
13.051618,77.783511,15820000,Whitefield,1843
18.482921,73.86549,5330000,Viman Nagar,693
22.461822,88.446847,11510000,New Town,1299
18.488981,73.83221,12650000,Wakad,1351
28.444738,77.03464,7270000,Faridabad-Sector 21,747
18.563894,73.871498,15370000,Baner,1769
18.647766,73.852475,12910000,Kharadi,1750
13.096795,80.214864,4230000,OMR,524
18.953353,72.772043,33910000,Powai,1899
19.038335,72.823241,10150000,Vile Parle,663
22.513969,88.487702,19350000,New Town,2761
13.05474,77.632418,14760000,Whitefield,1826
28.45173,76.913224,28250000,Gurugram-DLF Phase 3,2575
13.123526,80.223889,26310000,Sholinganallur,2769
23.111755,72.40689,25370000,Maninagar,3860
22.526178,88.339229,9720000,Tollygunge,1306
18.623509,73.753546,10890000,Hinjawadi,1523
28.630934,76.93691,21380000,Ghaziabad-Indirapuram,2302
18.584891,73.75958,18760000,Aundh,1895
19.130491,72.940436,42320000,Thane West,2526
19.184937,72.817063,24740000,Vile Parle,1665
28.694497,76.95845,6320000,Ghaziabad-Indirapuram,794
23.047279,72.518223,14020000,Prahlad Nagar,2363
22.509911,88.429411,14880000,Salt Lake,1807
12.876308,77.571893,16310000,Sarjapur Road,1658
28.604697,77.283407,37420000,Noida-Sector 62,3966
17.327693,78.4336,15690000,Madhapur,2119
22.568545,88.442845,3720000,New Town,486
18.648165,73.85526,7770000,Kharadi,979
13.156159,80.255431,16120000,Velachery,1585
18.613765,73.938393,15510000,Hinjawadi,1600
18.979453,72.845902,37300000,Vile Parle,2286
28.581836,76.998307,10790000,Noida-Sector 76,1184
13.135716,77.542381,18640000,Sarjapur Road,1821
28.397375,77.328208,11860000,Noida-Sector 62,1199
13.09594,77.59417,9370000,Sarjapur Road,1100
17.405038,78.40369,15790000,Jubilee Hills,2768
18.537476,73.793385,18560000,Wakad,2059
13.043833,80.150504,21640000,Adyar,2441
19.260081,72.776168,28920000,Powai,1668
22.498939,88.381213,8890000,Tollygunge,1198
17.322599,78.431128,15310000,Gachibowli,2028
17.432241,78.531124,8610000,Banjara Hills,1060
19.283699,72.932206,73030000,Vile Parle,5124
17.356397,78.449451,10220000,Jubilee Hills,1570
28.641094,77.200135,16410000,Faridabad-Sector 21,1988
13.085863,77.684541,70900000,HSR Layout,6647
18.539765,73.933178,12310000,Wakad,1408
18.516067,73.830868,18260000,Kothrud,2256
18.557549,73.923743,9350000,Baner,1236
28.775287,77.146239,37420000,Ghaziabad-Indirapuram,3747
13.167002,80.249284,22910000,Porur,2047
18.480535,73.906934,41170000,Kharadi,5284
17.373327,78.479596,18560000,Banjara Hills,2229
22.488589,88.347295,9220000,Salt Lake,1455
13.079921,77.533521,20230000,Sarjapur Road,2242
23.078339,72.659123,10070000,Vastrapur,2188
12.95386,77.476027,17780000,Yelahanka,1607
19.250735,72.772671,39170000,Mulund,2550
22.504247,88.4377,10400000,Behala,1376
13.088374,80.217588,4600000,Anna Nagar,579
28.616368,77.354149,31940000,Gurugram-Sector 56,2565
22.923445,72.527971,12330000,Bodakdev,2257
22.93829,72.420226,9870000,Thaltej,1753
18.996567,72.766262,15760000,Powai,999
19.263281,72.770246,42840000,Bandra West,3599
12.873799,77.65474,22060000,Sarjapur Road,2569
12.844136,77.529852,8170000,Marathahalli,1017
17.270282,78.332013,17860000,Madhapur,2242
17.254577,78.396262,11150000,Kukatpally,1605
23.006542,72.488436,5940000,Bopal,1166
23.091943,72.683507,15420000,Maninagar,2268
18.64978,73.898823,5040000,Wakad,649
12.827453,77.755594,50860000,Banashankari,4331
17.424289,78.342591,15310000,Gachibowli,1650
13.021184,77.689317,21470000,Koramangala,2366
28.751282,77.008008,16420000,Dwarka,2096
13.169112,80.196926,31770000,Anna Nagar,2478
18.539273,73.838308,27560000,Baner,3678
17.488951,78.520106,18590000,Madhapur,2693
17.327501,78.571936,8640000,Gachibowli,1075
28.773378,77.233194,13740000,Dwarka,1545
23.117667,72.54011,12270000,Thaltej,2702
22.554777,88.339335,2680000,Salt Lake,444
12.946707,80.24243,21340000,Porur,2437
22.96033,72.588342,9580000,Maninagar,2393
18.627011,73.89676,8630000,Viman Nagar,1070
13.153003,80.340878,8770000,OMR,1034
18.484361,73.781297,9230000,Hinjawadi,1031
28.316272,77.0817,12780000,Ghaziabad-Indirapuram,1506
18.967656,72.811923,39450000,Andheri West,2016
17.471405,78.414425,21310000,Gachibowli,2719
12.987994,80.200957,12460000,Sholinganallur,1509
23.107928,72.537146,4400000,Bodakdev,887
22.568374,88.330209,12710000,Behala,1747
23.088835,72.639279,11600000,Prahlad Nagar,2696
19.062348,72.91104,51360000,Bandra West,3218
18.557163,73.790018,50310000,Wakad,5402
28.441327,77.430147,39610000,Dwarka,4755
22.646677,88.424472,11170000,Jadavpur,1579
23.042936,72.675212,12380000,Vastrapur,2555
23.00767,72.462269,5530000,Maninagar,1135
19.225175,72.8883,31260000,Powai,2202
17.310761,78.45104,13240000,Gachibowli,1500
18.579783,73.763604,24660000,Kharadi,2585
13.191922,80.173888,35250000,Sholinganallur,3863
12.935053,80.272892,13380000,OMR,1422
19.122839,72.884184,36710000,Goregaon East,2107
17.49973,78.473887,18490000,Banjara Hills,2435
19.254034,72.923858,16180000,Andheri West,951
13.159359,80.312753,30840000,Porur,2579
17.460336,78.563165,19480000,Madhapur,2369
12.96837,80.293512,7820000,Adyar,816
17.385205,78.569367,5100000,Manikonda,669
19.040111,72.773395,10790000,Navi Mumbai-Kharghar,679
28.376094,77.483274,28670000,Gurugram-Sector 56,2580
22.641556,88.399206,16910000,Salt Lake,2461
18.632896,73.840475,17490000,Kothrud,1764
22.509752,88.399021,9890000,New Town,1464
12.997551,80.270518,5120000,Sholinganallur,759
22.53894,88.364099,24950000,Jadavpur,3573
22.998053,72.511612,3660000,Vastrapur,684
12.907028,80.233633,28160000,T Nagar,3162
17.266375,78.43004,5530000,Madhapur,726
28.569579,77.443794,16730000,Gurugram-Sector 56,2240
13.033823,80.296375,25870000,Sholinganallur,2722
12.933423,77.653075,10070000,HSR Layout,1225
12.982923,77.762389,25690000,Banashankari,3001
17.54954,78.310045,18810000,Madhapur,1870
17.38292,78.525574,22540000,Kondapur,3146
22.499684,88.481132,10000000,Tollygunge,1216
28.660216,76.926579,16930000,Gurugram-DLF Phase 3,1899
18.466539,73.831754,11770000,Kothrud,1315
13.041603,77.74723,27730000,Indiranagar,2514
18.98388,72.761376,25550000,Mulund,1600
22.903117,72.512981,22540000,Vastrapur,4295
12.908804,80.280031,17420000,T Nagar,2132
18.51589,73.904272,3530000,Baner,434
13.135965,80.153392,32960000,T Nagar,3485
18.977987,72.880469,15440000,Thane West,1163
13.039819,77.759755,12460000,Indiranagar,1326
17.420119,78.504082,30600000,Banjara Hills,3233
12.878802,77.539486,11890000,Sarjapur Road,1557
23.142259,72.435995,8940000,Bodakdev,1940
13.18371,80.345816,18900000,Sholinganallur,2021
18.534945,73.933478,30870000,Kharadi,3555
17.448223,78.324078,10190000,Jubilee Hills,1439
23.138056,72.440985,13920000,Bodakdev,2557
19.151457,72.902942,14050000,Bandra West,863
19.116507,72.912371,15380000,Mulund,908
12.840756,77.69214,18990000,Whitefield,1808
28.310529,77.168999,28120000,Gurugram-DLF Phase 3,2759
22.64906,88.338556,22250000,Jadavpur,3131
18.556758,73.868491,32740000,Baner,3087
17.269681,78.361568,28410000,Kondapur,3872
12.90018,77.594347,7980000,HSR Layout,876
12.993273,80.332774,19830000,Sholinganallur,2383
13.13794,77.727475,11150000,Whitefield,1134
12.93898,80.24042,26700000,Adyar,2488
23.013222,72.614343,7480000,Vastrapur,1597
28.706006,77.003835,14740000,Noida-Sector 76,1553
13.124465,80.150637,11900000,Sholinganallur,1614
18.96581,72.808374,44900000,Andheri West,2219
18.590841,73.920989,23770000,Hinjawadi,2762
17.54809,78.513894,10250000,Kondapur,1374
13.081862,80.310908,19590000,Velachery,2043
22.585018,88.377376,32000000,Tollygunge,3565
12.996252,77.47231,25260000,Indiranagar,2435
12.964392,77.460291,9650000,Indiranagar,837
18.608224,73.773876,31190000,Kothrud,3644
22.590126,88.472807,10590000,Tollygunge,1424
19.154906,72.815411,24440000,Mulund,1450
28.306945,76.946688,17220000,Dwarka,1733
18.969154,72.947133,57000000,Mulund,3220
19.009284,72.767642,26050000,Bandra West,1605
17.331861,78.392813,17010000,Banjara Hills,1915
13.119341,80.27649,6660000,Porur,856
19.288437,72.850917,10870000,Bandra West,770
28.747979,77.44732,14010000,Ghaziabad-Indirapuram,1519
13.108314,80.193975,30210000,Adyar,3154
22.937092,72.657198,7660000,Bopal,1769
23.055163,72.683206,6710000,Thaltej,1170
22.950581,72.457738,7290000,Bodakdev,1568
23.107233,72.539328,18530000,Thaltej,2653
18.508165,73.927274,4390000,Baner,564
19.041175,72.879296,91370000,Vile Parle,5324
28.794035,77.389791,14430000,Gurugram-DLF Phase 3,1555
28.543621,77.076876,29690000,Gurugram-Sector 56,2555
17.363288,78.431423,19820000,Madhapur,2477
19.090666,72.76443,25160000,Thane West,1749
22.949127,72.581994,8370000,Maninagar,1662
23.042043,72.598137,7490000,Bopal,1383
23.064255,72.408639,8530000,Bopal,1456
28.495794,76.967709,11210000,Noida-Sector 76,1261
13.082813,80.30425,38280000,T Nagar,4777
28.729141,77.460995,19040000,Faridabad-Sector 21,2119
12.864347,77.768961,11200000,Indiranagar,1238
22.925985,72.608369,6500000,Maninagar,1118
23.032856,72.49999,11630000,Bodakdev,2430
18.595534,73.819409,21060000,Hinjawadi,2627
18.507566,73.751211,10910000,Viman Nagar,1184
13.033707,77.611093,17550000,Marathahalli,1933
28.452883,77.187977,16370000,Noida-Sector 76,1693
18.648566,73.753968,18290000,Baner,2174
18.48421,73.797189,9640000,Baner,1347
18.938128,72.776141,33190000,Thane West,1881
12.940561,80.222758,12670000,Porur,1595
22.58804,88.414831,17360000,Tollygunge,2040
13.058385,77.50467,28170000,Indiranagar,2431
13.1089,80.204959,15400000,Anna Nagar,1851
28.33443,77.347532,17810000,Noida-Sector 76,1729
12.943364,80.286327,27790000,Sholinganallur,2734
22.588828,88.422722,26740000,New Town,3448
28.649657,77.011099,10760000,Faridabad-Sector 21,1075
19.237777,72.922904,20670000,Navi Mumbai-Kharghar,1192
12.812391,77.520133,3540000,Whitefield,452
28.423729,77.44621,29900000,Gurugram-DLF Phase 3,2722
18.954083,72.949909,30520000,Navi Mumbai-Kharghar,1627
22.91415,72.47947,7990000,Bodakdev,1681
22.544826,88.43706,10220000,Jadavpur,1483
12.865412,77.452414,13990000,Indiranagar,1801
23.052789,72.551521,11250000,Bopal,2338
18.628847,73.859741,3370000,Aundh,506
19.124771,72.884367,42140000,Vile Parle,2318
12.946097,77.760795,22780000,Koramangala,2450
22.635625,88.362326,11560000,Tollygunge,1648
23.091706,72.530636,12800000,Vastrapur,2215
22.544396,88.373445,26500000,Behala,3888
18.612548,73.831003,7720000,Kharadi,1035
22.967142,72.594454,2750000,Vastrapur,631
13.032268,80.166852,28870000,Adyar,2823
23.111737,72.488621,5390000,Prahlad Nagar,1073
19.163612,72.89438,18920000,Andheri West,1213
18.916979,72.808297,51240000,Andheri West,3058
17.407908,78.339863,15420000,Manikonda,1911
23.003936,72.419317,18490000,Thaltej,3134
13.171478,80.285372,11900000,Sholinganallur,1490
22.94521,72.466826,18520000,Satellite,3291
28.772433,77.337133,16170000,Ghaziabad-Indirapuram,1613
18.462138,73.873058,5020000,Kharadi,634
23.109724,72.521097,17780000,Prahlad Nagar,3059
28.532221,77.484193,21670000,Gurugram-Sector 56,2627
18.497835,73.818224,23850000,Kharadi,3332
12.904208,77.535326,26100000,Hebbal,2819
13.008113,80.256572,12980000,Porur,1249
28.680679,77.238722,15910000,Dwarka,1609
12.979061,77.703153,16710000,Sarjapur Road,1776
22.64659,88.354018,13410000,Rajarhat,1581
18.578688,73.813399,9080000,Hinjawadi,1100
22.900746,72.575017,8270000,Bodakdev,1311
18.938907,72.830904,70960000,Bandra West,3420
13.106362,77.464995,8980000,Sarjapur Road,1144
22.500402,88.391751,11950000,Behala,1613
13.003933,77.687435,36970000,HSR Layout,3592
18.635616,73.777105,14660000,Kharadi,1887
22.99827,72.45096,8260000,Bodakdev,1640
22.930578,72.415123,10950000,Maninagar,2263
22.583999,88.413305,12420000,Tollygunge,1435
17.31328,78.384507,18340000,Madhapur,2512
12.904625,80.239567,14460000,Sholinganallur,1711
18.594995,73.797094,4930000,Kharadi,703
18.52379,73.934469,51000000,Hinjawadi,5776
19.209547,72.870476,42310000,Thane West,2391
18.576802,73.770469,12580000,Kharadi,1360
22.605245,88.352438,16380000,Tollygunge,2518
12.83973,77.702285,10100000,Indiranagar,1117
23.001936,72.501197,7560000,Thaltej,1661
13.10326,77.607576,39740000,Whitefield,3274
28.50906,77.13761,30620000,Ghaziabad-Indirapuram,3057
18.966783,72.882047,36570000,Powai,2284
17.451986,78.445566,26550000,Banjara Hills,3176
13.094228,77.764348,28570000,Yelahanka,2730
18.572149,73.895787,7880000,Aundh,1030
12.851307,77.544041,21650000,Sarjapur Road,2212
13.196607,80.306273,6260000,Velachery,780
22.965772,72.519885,28130000,Bopal,4255
19.12884,72.86467,8850000,Vile Parle,615
12.890081,77.521401,11830000,Yelahanka,1271
18.521704,73.802094,13080000,Kharadi,1588
13.182429,80.269384,14910000,Adyar,1852
18.571095,73.932883,14830000,Kothrud,1595
18.452855,73.905827,20090000,Wakad,1855
19.041054,72.789324,20940000,Powai,1239
19.095095,72.831397,27980000,Vile Parle,1892
22.539335,88.340875,30020000,Tollygunge,3248
23.141181,72.636806,8180000,Prahlad Nagar,1552
12.958674,80.314669,21040000,T Nagar,2597
17.454855,78.521786,5430000,Kondapur,661
18.610484,73.935808,28310000,Kharadi,2601
22.478778,88.345096,11670000,Behala,1567
13.107676,80.265296,5470000,T Nagar,696
13.052901,77.608222,19780000,Banashankari,2359
28.327889,77.35758,9960000,Gurugram-DLF Phase 3,1055
12.909863,80.329236,4840000,Adyar,552
13.182319,80.160451,48440000,Anna Nagar,4211
28.348773,77.303755,22000000,Ghaziabad-Indirapuram,2586
17.340579,78.47255,34220000,Kondapur,4958
23.050108,72.481766,7910000,Maninagar,1789
22.530385,88.481638,13520000,Tollygunge,1911
22.455725,88.477284,15380000,Tollygunge,1924
17.466345,78.477677,33490000,Jubilee Hills,3570
13.065812,77.665699,14650000,Marathahalli,1810
17.305913,78.388397,23000000,Kondapur,2720
28.340849,77.427148,14720000,Noida-Sector 76,1536
23.058247,72.430123,8670000,Bopal,1582
13.037611,77.606719,33900000,Hebbal,3888
22.508749,88.315288,7030000,Behala,1085
13.042442,80.186086,20250000,Sholinganallur,1931
23.136047,72.447735,10290000,Thaltej,1862
12.865655,77.647343,9320000,Hebbal,1078
13.138905,80.24959,53630000,Anna Nagar,5611
22.478669,88.481203,26550000,Behala,3898
22.987203,72.658282,4850000,Bodakdev,1173
17.473181,78.361674,3540000,Manikonda,521
13.18565,80.160712,17190000,Sholinganallur,1893
19.138949,72.835355,7650000,Vile Parle,581
18.938347,72.898431,28150000,Andheri West,1698
23.130494,72.589614,13120000,Bopal,2456
22.631121,88.331749,17510000,Salt Lake,1937
22.919077,72.605201,7170000,Bopal,1626
13.006871,77.643161,12760000,Whitefield,1251
13.030911,80.253632,19680000,Porur,2356
13.111833,80.33471,15630000,T Nagar,1538
18.530124,73.888041,34910000,Hinjawadi,3813
12.993566,80.271989,11750000,Velachery,1448
22.603502,88.38525,9390000,Jadavpur,1136
22.607893,88.36658,5910000,Jadavpur,862
18.46986,73.812141,26510000,Kothrud,2602
12.81065,77.652387,14540000,Marathahalli,1563
19.243819,72.850588,43370000,Thane West,2583
22.961531,72.637148,11260000,Thaltej,2449
13.011529,80.263174,20900000,Velachery,1996
28.455728,77.218501,14520000,Gurugram-DLF Phase 3,1640
28.407876,77.437628,16080000,Noida-Sector 76,1830
12.999154,80.212898,5200000,Sholinganallur,735
28.761871,77.019295,9520000,Faridabad-Sector 21,985
17.371159,78.316732,16150000,Banjara Hills,1956
22.563761,88.404077,9990000,Salt Lake,1560
18.556857,73.92505,10980000,Kharadi,1211
18.980366,72.791245,23320000,Vile Parle,1593
19.113921,72.788859,28260000,Bandra West,1870
18.552021,73.937886,30110000,Hinjawadi,2542
23.130535,72.633041,11960000,Prahlad Nagar,1866
18.567082,73.930402,10030000,Baner,1243
22.593229,88.428499,16300000,Jadavpur,1746
18.602385,73.884122,21850000,Kharadi,2671
18.928262,72.756055,20410000,Mulund,1299
18.614621,73.878152,19430000,Baner,2171
22.937276,72.418782,10920000,Maninagar,1731
17.274053,78.343131,24300000,Kukatpally,3168
19.28682,72.834727,30850000,Bandra West,1833
18.546822,73.88873,17510000,Kothrud,1926
13.187165,80.234377,20640000,Anna Nagar,2032
23.026368,72.617334,5740000,Bodakdev,1225
18.596551,73.821982,15060000,Wakad,1781
13.061489,80.232662,3450000,T Nagar,451
19.114618,72.905986,22840000,Thane West,1458
17.380107,78.506029,11960000,Banjara Hills,1706
22.935346,72.528784,8250000,Maninagar,1516
22.553144,88.47455,18300000,Jadavpur,2446
22.610339,88.414362,21660000,Tollygunge,2851
23.071709,72.573372,11070000,Vastrapur,1883
19.00507,72.895911,39030000,Bandra West,2623
28.72895,77.45596,50160000,Ghaziabad-Indirapuram,3964
28.538148,77.319727,15980000,Noida-Sector 62,1656
13.074266,80.176154,30150000,Adyar,3729
23.004212,72.521023,2660000,Prahlad Nagar,588
22.540819,88.493326,21840000,Jadavpur,2362
13.039743,77.526941,7310000,Indiranagar,1045
13.0646,80.196739,5980000,Velachery,767
28.38024,77.002096,13280000,Noida-Sector 62,1742
18.515761,73.767266,17750000,Hinjawadi,2005
28.606511,77.065653,9840000,Noida-Sector 62,1054
23.045605,72.607172,7500000,Bopal,1534
13.032049,77.582181,13670000,Hebbal,1242
18.567028,73.802073,14810000,Kothrud,1471
22.593003,88.422013,20470000,New Town,2421
13.119623,77.515669,28180000,Marathahalli,3475
22.48353,88.425482,22390000,New Town,2771
17.456775,78.57959,18130000,Kukatpally,2306
13.001475,80.222678,8140000,Sholinganallur,1064
13.129735,80.342002,21780000,OMR,2425
23.056916,72.487118,4230000,Bopal,693
13.08471,77.741665,10520000,Banashankari,1246
17.417167,78.488891,14120000,Manikonda,1860
12.843445,77.787425,20750000,Indiranagar,2305
13.154175,80.175299,47010000,T Nagar,5130
18.90064,72.751602,32140000,Mulund,1773
18.934765,72.810527,21960000,Goregaon East,1565
19.16398,72.895035,33670000,Mulund,2290
28.307267,77.139928,13520000,Noida-Sector 62,1858
19.091737,72.921102,20590000,Thane West,1368
13.121705,80.309244,16190000,Porur,1803
22.460969,88.440691,13140000,Jadavpur,1655
28.694699,77.045514,27940000,Gurugram-Sector 56,2806
18.515807,73.810918,57300000,Aundh,6005
17.423761,78.464914,18120000,Manikonda,2117
17.313931,78.505158,15020000,Kondapur,1637
13.057916,80.166734,10730000,Velachery,1174
18.615328,73.760636,9460000,Kharadi,1148
23.028146,72.605924,11170000,Bodakdev,2290
13.066086,77.558197,33930000,Whitefield,3787
12.824687,77.451454,12600000,Sarjapur Road,1351
22.977272,72.626811,5870000,Prahlad Nagar,1002
17.486005,78.472789,11870000,Kondapur,1723
18.47807,73.937439,24980000,Kharadi,2574
13.125552,80.313825,17380000,Porur,1614
22.983207,72.400121,10830000,Bodakdev,1755
23.067942,72.542504,8500000,Maninagar,1831
19.272808,72.758188,18050000,Powai,1064
19.234523,72.913111,36140000,Vile Parle,2163
19.162121,72.806662,17140000,Bandra West,1198
18.937069,72.757927,32190000,Powai,2303
13.012312,80.239765,10940000,T Nagar,1376
28.758287,77.152266,23020000,Ghaziabad-Indirapuram,2191
12.941264,80.263564,20820000,OMR,3017
28.333657,77.222129,13810000,Noida-Sector 62,1781
19.20876,72.819228,39270000,Vile Parle,3094
19.055063,72.765569,12000000,Goregaon East,706
28.427008,77.484256,9970000,Noida-Sector 62,1262
28.369105,77.488298,40200000,Gurugram-DLF Phase 3,3176
17.427076,78.44991,4840000,Banjara Hills,750
22.969722,72.497412,25360000,Prahlad Nagar,3566
13.126093,77.732814,10450000,Sarjapur Road,995
17.52694,78.530508,17730000,Manikonda,2307
17.297194,78.541298,4040000,Jubilee Hills,572
22.958833,72.634374,7530000,Thaltej,1576
17.271943,78.323192,13290000,Kondapur,1225
28.748464,77.26831,21320000,Gurugram-DLF Phase 3,1811
22.588999,88.369894,32290000,Behala,3500
18.906897,72.844941,16150000,Goregaon East,1152
12.905699,80.220299,49310000,Sholinganallur,5094
17.481697,78.438278,10020000,Kondapur,1561
17.386071,78.319718,8460000,Jubilee Hills,1063
22.551087,88.423248,12230000,Tollygunge,1603
12.833056,77.690115,22640000,Whitefield,1885
12.929061,80.321349,16800000,Velachery,1970
18.583094,73.773841,35170000,Kothrud,3018
18.567754,73.801053,14980000,Kothrud,1931
13.022343,77.710523,14590000,Sarjapur Road,2090
18.573394,73.773636,19230000,Kothrud,1901
19.1924,72.906068,53990000,Goregaon East,3142
19.124183,72.783491,21350000,Mulund,1485
18.50872,73.765747,16590000,Baner,2459
12.925011,80.292669,20830000,Anna Nagar,2433
22.927246,72.677043,13350000,Maninagar,2077
22.496539,88.382414,12080000,Salt Lake,1288
13.127776,77.546147,16690000,Yelahanka,1704
17.320657,78.454934,29590000,Gachibowli,2769
28.7419,77.156565,15670000,Gurugram-DLF Phase 3,1753
18.499447,73.836354,19920000,Baner,2144
23.030796,72.655982,7100000,Prahlad Nagar,1267
13.108978,80.238556,9220000,Anna Nagar,1140
13.123167,80.283761,8220000,T Nagar,912
18.621067,73.851743,19190000,Baner,1939
12.805411,77.685398,35810000,Whitefield,4937
28.352901,77.108295,18120000,Noida-Sector 62,1875
23.001439,72.649847,18170000,Prahlad Nagar,3129
19.1686,72.881005,24630000,Navi Mumbai-Kharghar,1695
28.35511,77.295144,19780000,Noida-Sector 62,2776
22.648243,88.448894,12960000,Rajarhat,1536
13.073733,80.330599,15040000,OMR,1713
23.011739,72.400874,11940000,Prahlad Nagar,2219
19.045728,72.918447,40310000,Mulund,2390
19.085694,72.834764,40480000,Powai,2659
18.549391,73.786725,13820000,Baner,1760
23.098539,72.692847,9790000,Thaltej,1840
28.698715,77.152906,21690000,Gurugram-Sector 56,2576
28.74111,76.94934,13230000,Noida-Sector 62,1426
28.769197,77.233329,30530000,Gurugram-Sector 56,3476
13.039905,80.16913,47230000,Porur,5262
13.168652,80.297374,18020000,Porur,1822
22.540021,88.380484,42480000,Jadavpur,3629
18.576111,73.775137,31550000,Kothrud,3453
23.110466,72.507495,2680000,Prahlad Nagar,599
28.685603,77.105499,17120000,Gurugram-DLF Phase 3,1724
18.58993,73.785425,20960000,Viman Nagar,2682
17.488192,78.43242,5210000,Madhapur,701
18.905262,72.797246,33930000,Bandra West,1934
18.531907,73.915118,19020000,Viman Nagar,2467
17.54916,78.510421,14000000,Jubilee Hills,1849
18.581721,73.787057,36140000,Kharadi,4041
17.535744,78.526391,16120000,Kukatpally,1708
22.643556,88.44617,10900000,Tollygunge,1288
22.62499,88.431758,38350000,Tollygunge,3989
18.643566,73.802055,30430000,Baner,2947
13.132341,80.269274,31860000,Velachery,3592
18.641475,73.911024,5290000,Aundh,761
19.081344,72.811101,25350000,Thane West,1666
23.07348,72.449075,14530000,Satellite,2572
19.040162,72.866434,27130000,Goregaon East,1754
23.123921,72.589894,5440000,Satellite,1119
22.931946,72.56428,11480000,Bodakdev,2392
18.600864,73.947298,16720000,Wakad,1795
28.471618,77.309741,32500000,Noida-Sector 76,3331
28.477864,77.211286,47340000,Gurugram-DLF Phase 3,4295
22.92995,72.622941,7240000,Satellite,1824
18.627984,73.840659,26280000,Hinjawadi,2725
18.45365,73.911789,14410000,Kothrud,1828
28.591653,77.424855,21570000,Noida-Sector 76,2277
13.014315,77.638229,7210000,Whitefield,749
18.546959,73.931265,20320000,Aundh,2244
13.121489,77.565977,8300000,Indiranagar,1013
18.467078,73.75257,16470000,Kharadi,1967
17.480617,78.573655,12900000,Gachibowli,1740
13.141849,77.661775,11850000,Electronic City,1385
13.139097,80.304553,75960000,Adyar,6505
22.483898,88.449148,8030000,Jadavpur,1009
12.831915,77.649493,15240000,Indiranagar,1718
12.854777,77.717851,21020000,Whitefield,1979
22.571777,88.41567,12840000,Rajarhat,1766
12.894951,77.512861,28520000,Indiranagar,2486
18.571246,73.766077,26300000,Aundh,3468
17.262944,78.421398,43340000,Banjara Hills,5948
18.620708,73.891205,23760000,Viman Nagar,2321
18.915628,72.94509,25110000,Bandra West,1636
28.684436,76.920979,14220000,Gurugram-DLF Phase 3,1938
23.103246,72.572169,40550000,Prahlad Nagar,5938
19.264068,72.803066,17570000,Powai,1073
28.736201,77.015604,13080000,Noida-Sector 62,1460
22.466797,88.414472,43310000,Tollygunge,6088
17.260167,78.422175,33560000,Jubilee Hills,3378
19.295748,72.916641,18020000,Goregaon East,1117
22.5617,88.331197,11240000,Salt Lake,1727
13.075446,80.171024,5620000,Velachery,721
28.495075,77.111001,24620000,Dwarka,2791
13.106715,80.186325,24190000,Porur,2706
19.290593,72.821208,35370000,Thane West,2620
22.512649,88.363369,29440000,Jadavpur,3575
19.249275,72.787224,6500000,Goregaon East,456
22.640022,88.37309,5390000,New Town,728
22.556908,88.470175,28520000,Behala,3184
23.089386,72.662268,6930000,Thaltej,1466
23.149328,72.699261,7940000,Vastrapur,1321
28.763904,77.432117,9440000,Gurugram-DLF Phase 3,1150
12.994162,80.295515,5550000,Sholinganallur,785
13.00354,77.755092,12350000,Sarjapur Road,1511
22.988342,72.693168,7530000,Prahlad Nagar,1594
28.513452,77.144972,27630000,Ghaziabad-Indirapuram,3070
17.275214,78.520065,20560000,Banjara Hills,2722
18.600306,73.765449,10570000,Wakad,1180
18.586698,73.794756,6300000,Hinjawadi,713
13.13221,80.297464,23150000,T Nagar,2515
13.013874,80.220034,5240000,Velachery,648
19.127487,72.800995,40260000,Powai,2747
19.128264,72.791709,36720000,Goregaon East,2554
17.457081,78.311793,5110000,Madhapur,598
13.053063,77.770407,3990000,HSR Layout,453
22.570385,88.315656,7910000,Rajarhat,1172
13.166625,80.234121,11540000,Porur,1383
13.168469,80.319879,19600000,Velachery,1527
28.635172,77.013886,27010000,Noida-Sector 62,2429
13.040564,80.306817,62900000,Velachery,5172
19.268352,72.877092,39510000,Bandra West,1990
23.109924,72.666912,11120000,Bodakdev,2210
28.730093,77.161985,15760000,Gurugram-DLF Phase 3,1749
13.026215,80.209019,57880000,T Nagar,4962
12.955129,77.51854,17270000,Hebbal,1752
22.598606,88.379241,11660000,Jadavpur,1540
18.538257,73.798319,5450000,Viman Nagar,730
22.577809,88.337008,18130000,New Town,2371
13.047362,80.279993,16600000,Velachery,1840
22.508544,88.344098,24190000,Salt Lake,3031
23.125833,72.691738,7710000,Satellite,1752
18.492941,73.932386,23590000,Kothrud,2804
22.907283,72.429828,9890000,Maninagar,2297
18.594454,73.943917,14670000,Wakad,1730
19.13737,72.8525,18080000,Thane West,1150
12.918014,80.322794,16400000,Anna Nagar,1703
23.014023,72.483803,10800000,Satellite,2295
28.404262,76.939187,20190000,Noida-Sector 62,1892
17.422684,78.497554,9810000,Manikonda,1382
17.444221,78.564635,22070000,Banjara Hills,2653
18.546673,73.878271,12660000,Hinjawadi,1464
13.02987,80.231847,18950000,T Nagar,2341
17.466796,78.578529,20150000,Gachibowli,2944
17.303675,78.304118,18860000,Banjara Hills,2617
17.328295,78.347783,11650000,Gachibowli,1342
13.073251,80.208007,19690000,OMR,2661
18.610444,73.909202,11070000,Kharadi,1380
28.622515,77.266259,67450000,Faridabad-Sector 21,5811
18.967588,72.81334,18160000,Mulund,1197
18.554143,73.804179,15270000,Viman Nagar,1726
19.001215,72.81438,39020000,Thane West,1955
17.54088,78.515043,19420000,Jubilee Hills,2521
18.958963,72.85728,58280000,Mulund,3089
22.457755,88.457677,15380000,Tollygunge,1602
23.04109,72.573481,3780000,Satellite,761
28.30769,77.306362,29420000,Gurugram-DLF Phase 3,3022
18.470519,73.765064,15130000,Wakad,2009
22.563722,88.404584,21260000,Salt Lake,2754
23.142254,72.634855,10540000,Bodakdev,2239
19.270623,72.764384,76060000,Navi Mumbai-Kharghar,3897
22.545065,88.309505,36740000,Jadavpur,3935
17.487969,78.480979,7500000,Banjara Hills,856
13.047389,77.492622,4220000,Koramangala,439
19.041932,72.775756,14400000,Navi Mumbai-Kharghar,872
22.991355,72.679337,9180000,Bopal,1778
17.423756,78.587567,3290000,Manikonda,452
19.221266,72.898075,99980000,Goregaon East,4748
17.381621,78.448017,12460000,Madhapur,1463
17.367469,78.466767,23560000,Kukatpally,2958
17.289311,78.324124,15920000,Gachibowli,1716
13.127127,77.57474,41200000,Yelahanka,3996
18.616844,73.946016,8670000,Hinjawadi,1002
13.133213,77.718715,4820000,Koramangala,583
12.967788,80.326467,10460000,Adyar,1071
17.274633,78.52921,7310000,Madhapur,1102
22.641766,88.373129,8400000,Jadavpur,1081
17.465114,78.41999,12110000,Gachibowli,1523
17.273121,78.352464,9610000,Manikonda,1128
17.472792,78.347139,4650000,Banjara Hills,654
12.813251,77.507969,5760000,Electronic City,749
12.965156,77.512854,13270000,Sarjapur Road,1560
23.112892,72.684558,4630000,Bopal,956
17.274058,78.480546,14970000,Madhapur,2289
22.624062,88.396068,12150000,Tollygunge,1705
13.135348,77.753424,7530000,Yelahanka,964
17.361813,78.380521,35970000,Manikonda,4099
18.502165,73.924693,22290000,Baner,2257
17.539888,78.488137,16320000,Madhapur,1911
12.884459,77.462537,44540000,HSR Layout,3453
28.706344,77.09352,19340000,Dwarka,1677
22.617901,88.493222,24660000,Behala,3193
28.567691,77.34027,33890000,Noida-Sector 62,2512
18.547392,73.906456,29880000,Wakad,3101
17.473296,78.571508,16700000,Gachibowli,2191
22.484812,88.304889,5250000,New Town,767
28.704337,77.09417,9790000,Noida-Sector 76,954
17.395734,78.504871,10860000,Madhapur,1441
22.521088,88.464822,21370000,Jadavpur,3145
22.565922,88.304119,9350000,Salt Lake,1194
28.395582,77.336052,17900000,Dwarka,1455
19.142546,72.758918,9910000,Vile Parle,658
28.381198,76.966991,4450000,Ghaziabad-Indirapuram,533
22.602436,88.30062,9390000,Tollygunge,1158
28.79573,77.146052,23970000,Noida-Sector 62,2504
23.025318,72.452394,5760000,Bodakdev,1066
17.409333,78.543523,11670000,Manikonda,1571
23.136002,72.516964,17170000,Prahlad Nagar,2885
22.479629,88.487749,20220000,New Town,2143
12.925334,77.782498,27680000,Electronic City,2756
22.938543,72.630507,8520000,Bodakdev,1694
17.448932,78.381963,5920000,Jubilee Hills,816
18.926936,72.926248,82570000,Mulund,3674
22.926421,72.565933,35280000,Satellite,5745
13.016521,77.611662,14940000,Indiranagar,2040
13.16301,80.297497,52390000,Velachery,5265
23.093821,72.512347,12350000,Bopal,2372
13.148791,77.615113,29350000,Banashankari,3368
28.673364,77.084311,25330000,Gurugram-Sector 56,2786
13.126083,77.798699,26460000,Sarjapur Road,2476
19.133788,72.913158,10630000,Powai,763
13.081322,77.686232,7610000,Indiranagar,864
22.451999,88.311461,20100000,Behala,2619
17.359123,78.392324,16870000,Kukatpally,2141
18.5286,73.866843,32200000,Hinjawadi,3920
28.590628,77.09361,12110000,Faridabad-Sector 21,1315
17.547167,78.329889,5650000,Gachibowli,784
17.324661,78.508161,22220000,Gachibowli,2752
19.233075,72.927007,23100000,Mulund,1713
13.054743,77.693443,11760000,Koramangala,1323
18.523504,73.778391,22990000,Hinjawadi,2773
22.469565,88.484506,7690000,Rajarhat,1024
12.994342,77.61263,14350000,Koramangala,1407
13.062837,80.179523,4700000,Anna Nagar,563
19.233684,72.928617,9840000,Andheri West,683
19.088712,72.778634,22550000,Navi Mumbai-Kharghar,1416
22.975766,72.412667,12150000,Maninagar,2919
28.53295,77.039779,43390000,Dwarka,3496
13.180011,80.318025,11230000,T Nagar,1408
28.511575,77.408425,15220000,Noida-Sector 76,2089
19.193528,72.839224,27690000,Andheri West,1819
18.649399,73.760071,5260000,Kharadi,682
22.574102,88.427109,20810000,Jadavpur,2524
19.186761,72.761983,80730000,Andheri West,4916
17.44532,78.324075,7490000,Gachibowli,902
28.609755,77.194988,25500000,Noida-Sector 62,2419
17.259485,78.599661,11460000,Kondapur,1413
13.038102,77.566136,6350000,HSR Layout,833
13.129735,77.600365,10580000,Yelahanka,1134
18.513681,73.932581,9960000,Wakad,1058
17.263523,78.343229,16310000,Manikonda,2082
19.141201,72.884415,12060000,Andheri West,797
22.570999,88.499122,15600000,Jadavpur,2076
17.542938,78.564808,44530000,Kukatpally,5690
22.538935,88.392387,4790000,Behala,650
19.062312,72.846624,21150000,Andheri West,1379
18.604715,73.809788,22100000,Kothrud,2273
12.99121,77.522387,16350000,Koramangala,1827
18.509782,73.765923,20310000,Wakad,2175
22.497039,88.446905,20200000,Tollygunge,2450
13.064782,80.282528,28110000,Velachery,3900
19.047703,72.893566,33260000,Andheri West,2149
23.044203,72.642255,7720000,Satellite,1545
19.226744,72.91856,25380000,Thane West,1592
19.27554,72.783351,48430000,Goregaon East,3006
22.536454,88.342721,10770000,Salt Lake,1366
19.177979,72.884424,54940000,Mulund,3269
18.63398,73.759197,22090000,Kothrud,2642
17.523282,78.546487,15460000,Madhapur,1834
12.985667,80.24217,13440000,Sholinganallur,1822
23.033341,72.5241,7370000,Vastrapur,1477
22.632767,88.494367,20450000,Tollygunge,2346
18.471625,73.901428,8450000,Viman Nagar,1036
19.014736,72.751476,17370000,Vile Parle,1195
17.438204,78.394451,20240000,Madhapur,2851
13.193093,80.224925,28050000,Sholinganallur,2714
17.486451,78.560648,22220000,Kukatpally,2576
12.861752,77.623175,42580000,Yelahanka,4685
22.514235,88.340428,21390000,Behala,2780
18.607126,73.853975,28730000,Viman Nagar,2914
22.978404,72.473148,5910000,Vastrapur,1046
28.518557,77.340537,22870000,Gurugram-DLF Phase 3,2285
17.516634,78.471098,4010000,Manikonda,561
18.489447,73.860607,12460000,Aundh,1503
17.493759,78.360753,20780000,Banjara Hills,3091
19.00482,72.770292,8660000,Navi Mumbai-Kharghar,591
28.758733,77.201946,11940000,Gurugram-DLF Phase 3,1696
28.689952,76.959891,20460000,Gurugram-DLF Phase 3,2255
17.524694,78.590386,15720000,Banjara Hills,2063
22.907004,72.446926,2000000,Vastrapur,494
18.498851,73.853875,12990000,Wakad,1352
28.771901,77.398826,24010000,Faridabad-Sector 21,2503
19.212787,72.936678,33650000,Powai,2142
18.503747,73.907488,24160000,Hinjawadi,2595
22.532243,88.466151,20540000,New Town,2787
28.707434,77.043579,16070000,Noida-Sector 76,1823
22.907426,72.629697,4920000,Vastrapur,992
22.487987,88.345601,56140000,Jadavpur,5511
28.694834,77.279882,63440000,Faridabad-Sector 21,6324
19.012991,72.92994,25040000,Bandra West,1643
18.523431,73.935966,17100000,Kharadi,1795
18.580165,73.864617,32570000,Kothrud,3959
17.376859,78.579568,9670000,Manikonda,1592
19.139217,72.832215,31300000,Goregaon East,2227
28.719721,77.407826,11110000,Noida-Sector 76,1123
22.617469,88.38674,30810000,Rajarhat,3458
28.504499,77.210188,12610000,Noida-Sector 62,1618
28.478268,77.248935,17230000,Noida-Sector 76,1815
19.0411,72.780716,12480000,Powai,724
19.290151,72.845115,11070000,Goregaon East,778
22.609227,88.401259,20010000,Behala,2365
22.957301,72.44417,6220000,Bopal,1182
22.479716,88.452351,19220000,Rajarhat,2411
19.080407,72.801141,31090000,Andheri West,2116
28.769475,77.298101,34920000,Noida-Sector 76,3688
18.905105,72.90227,16640000,Bandra West,1067
13.058138,77.551659,23670000,Electronic City,2239
18.588729,73.819406,16800000,Kharadi,1822
28.650727,77.31884,16630000,Gurugram-DLF Phase 3,1743
22.926769,72.46676,3570000,Satellite,785
28.389237,77.418161,10360000,Gurugram-Sector 56,1264
22.599009,88.360235,11690000,Salt Lake,1605
23.038158,72.430107,22640000,Thaltej,4029
18.620466,73.826827,14410000,Kharadi,1849
12.911597,77.568012,14220000,Indiranagar,1546
19.280696,72.778155,9190000,Powai,736
17.424451,78.352007,22460000,Banjara Hills,2622
28.690125,77.482144,7060000,Gurugram-Sector 56,851
23.017955,72.509482,7140000,Bodakdev,1383
19.262564,72.761756,20720000,Vile Parle,1279
28.778297,77.06183,15400000,Dwarka,1597
18.490775,73.896797,11840000,Baner,1150
13.126334,80.171244,28840000,Velachery,3511
18.963834,72.765739,10130000,Mulund,736
13.131034,80.278623,38300000,Adyar,4321
13.169908,80.168554,13520000,OMR,1659
19.052257,72.862132,65920000,Thane West,2726
28.560948,77.404621,10200000,Ghaziabad-Indirapuram,1199
22.905071,72.433566,10190000,Thaltej,1704
13.088244,77.625776,25090000,Indiranagar,2859
19.272886,72.779847,35070000,Bandra West,2263
12.932831,80.319925,9590000,Sholinganallur,1147
18.547851,73.835672,12760000,Aundh,1542
28.647345,77.269228,8920000,Noida-Sector 76,1028
28.520557,77.39307,4090000,Dwarka,563
13.063181,80.257977,29550000,Sholinganallur,3620
22.598862,88.338224,6100000,Rajarhat,805
13.177311,80.309397,38000000,Velachery,4437
22.953167,72.555326,8890000,Maninagar,1910
12.901706,80.232995,25860000,Velachery,2435
18.476893,73.792942,6660000,Kothrud,778
19.292221,72.899402,29850000,Bandra West,1895
22.628813,88.372656,8500000,Rajarhat,1110
17.449469,78.519385,10000000,Madhapur,1169
12.954983,80.292787,20330000,Anna Nagar,2184
28.330891,77.102476,45500000,Noida-Sector 62,4185
28.469263,77.457291,9560000,Gurugram-Sector 56,1107
19.092991,72.804515,11060000,Vile Parle,784
23.063179,72.52905,7590000,Bodakdev,1542
19.292168,72.945829,16080000,Goregaon East,1007
12.969882,80.152641,19570000,OMR,2791
28.356699,77.485821,17870000,Noida-Sector 62,1984
22.987345,72.517767,10610000,Vastrapur,2082
18.926584,72.908412,33110000,Navi Mumbai-Kharghar,1891
17.385053,78.543861,16630000,Banjara Hills,2346
17.536502,78.349116,10480000,Gachibowli,1424
18.511992,73.901484,75040000,Kothrud,6821
17.514649,78.425479,14140000,Madhapur,1592
23.004801,72.66926,17920000,Bodakdev,3695
18.626745,73.905396,13630000,Kharadi,1839
13.139253,80.196183,4310000,Velachery,528
22.939111,72.435176,12210000,Satellite,2155
17.406511,78.390766,22310000,Kondapur,1965
23.002618,72.487199,4080000,Satellite,789
13.134544,80.313868,3970000,OMR,513
17.434583,78.331554,15990000,Kondapur,1887
23.055727,72.42198,2400000,Bodakdev,528
19.020416,72.882273,78270000,Vile Parle,5605
13.11746,80.274542,11660000,Anna Nagar,1295
17.397069,78.508917,46150000,Manikonda,5714
28.537426,77.494432,8350000,Gurugram-DLF Phase 3,828
18.612318,73.774666,10190000,Viman Nagar,1342
17.470913,78.453713,19840000,Kondapur,2591
12.978634,80.176592,14430000,OMR,1670
17.296209,78.355453,12500000,Manikonda,1473
28.452875,77.344601,24430000,Noida-Sector 76,2856
17.504428,78.514757,15910000,Manikonda,1960
13.136312,80.348068,10420000,Sholinganallur,1214
17.453488,78.380107,26640000,Banjara Hills,3838
19.279868,72.792886,67720000,Bandra West,3724
19.24458,72.817056,9180000,Andheri West,690
22.598239,88.491724,5310000,New Town,636
12.921336,77.732026,13260000,Indiranagar,1390
18.995518,72.750155,9390000,Andheri West,694
19.275458,72.801645,34430000,Navi Mumbai-Kharghar,1952
23.133724,72.595676,2340000,Maninagar,502
23.001597,72.694509,13620000,Vastrapur,1980
18.544013,73.923082,14640000,Kharadi,1850
28.333962,76.917131,11270000,Noida-Sector 62,1023
23.029513,72.449082,9750000,Satellite,1992
12.890646,77.464595,6660000,Yelahanka,649
12.959771,80.244587,9940000,Velachery,1147
17.391521,78.505215,13450000,Kukatpally,1798
12.81054,77.727732,5390000,HSR Layout,735
23.112078,72.586641,10240000,Vastrapur,2114
17.305923,78.576632,17070000,Kondapur,2300
23.13247,72.461574,2280000,Bodakdev,459
28.563146,77.474423,14420000,Noida-Sector 76,1698
22.528001,88.358476,12800000,Jadavpur,1490
13.04219,80.340756,39160000,Porur,2961
13.119688,80.213326,9860000,T Nagar,1120
19.176004,72.769776,50290000,Mulund,3203
28.417317,76.984315,19830000,Ghaziabad-Indirapuram,2159
22.951445,72.549005,5640000,Vastrapur,1287
22.508381,88.304303,16750000,Jadavpur,2397
18.609897,73.895762,18810000,Viman Nagar,1838
18.612026,73.813359,28980000,Viman Nagar,2849
23.072446,72.414558,3840000,Thaltej,737
28.587625,77.125784,19190000,Gurugram-Sector 56,1759
18.944124,72.76349,20500000,Andheri West,1219
18.933172,72.754084,7610000,Vile Parle,625
19.223465,72.781333,21890000,Vile Parle,1446
17.282306,78.510774,16460000,Madhapur,2072
17.529713,78.422328,7750000,Jubilee Hills,996
22.974918,72.566245,10080000,Bopal,2003
13.104018,77.643435,18190000,Hebbal,2384
28.40502,77.307716,8380000,Faridabad-Sector 21,804
22.528296,88.392642,16630000,Rajarhat,1659
13.101333,77.770736,15680000,Sarjapur Road,1603
13.088639,77.627397,22260000,Whitefield,2797
22.549379,88.35718,10840000,Behala,1492
28.721247,77.292,15480000,Noida-Sector 62,1673
19.27588,72.857038,70290000,Powai,3533
12.942045,77.717158,28040000,Indiranagar,2477
13.058366,80.328978,10030000,Porur,1189
28.589406,77.196906,16800000,Gurugram-Sector 56,1930
12.998177,77.786607,14910000,Electronic City,1680
17.29703,78.543621,19710000,Gachibowli,2581
18.522466,73.837116,5040000,Baner,550
18.461578,73.820423,13440000,Viman Nagar,1820
18.552963,73.882963,29750000,Baner,3657
23.122276,72.475408,27920000,Thaltej,3929
13.076965,80.194306,12250000,OMR,1166
22.906176,72.499239,3210000,Satellite,633
22.461473,88.466531,24820000,Rajarhat,2489
23.097383,72.458395,5770000,Maninagar,998
13.129784,80.288633,6360000,OMR,699
19.199744,72.870755,66040000,Powai,3782
13.119822,77.529979,12090000,HSR Layout,1361
12.801123,77.488903,14160000,Marathahalli,1469
12.928616,77.532538,16350000,Sarjapur Road,1791
18.55953,73.758666,14920000,Aundh,1627
28.600564,77.130749,9430000,Ghaziabad-Indirapuram,1077
12.929751,80.280069,28810000,Sholinganallur,3104
28.799692,77.452872,34350000,Noida-Sector 76,4115
18.548053,73.934523,21770000,Kothrud,2746
13.081831,80.217098,5420000,Adyar,753
19.088968,72.87647,29070000,Goregaon East,1859
28.47403,77.476567,3470000,Faridabad-Sector 21,440
23.026323,72.595639,9210000,Satellite,1505
13.14353,77.638803,13230000,HSR Layout,1557
23.140567,72.467262,15020000,Vastrapur,2533
22.564867,88.359288,18950000,Tollygunge,2608
17.279222,78.357775,18730000,Kukatpally,2310
22.929448,72.44541,6880000,Maninagar,1342
22.452236,88.31167,21450000,Salt Lake,2386
23.036066,72.433044,7740000,Bopal,1397
22.599075,88.453209,19420000,Behala,2272
18.543019,73.940115,24100000,Wakad,2390
17.435128,78.323563,15850000,Kondapur,1783
22.969755,72.644549,2440000,Maninagar,492
17.375207,78.338767,13090000,Jubilee Hills,1908
13.061697,80.319731,26200000,OMR,2709
12.808755,77.583811,30350000,Koramangala,2423
17.441231,78.443938,19010000,Kondapur,2469
18.572423,73.91184,16140000,Baner,1793
13.061749,80.284427,14530000,T Nagar,1737
13.135341,77.675599,19620000,Koramangala,2220
12.804207,77.667141,31250000,Banashankari,3997
13.178607,80.265663,13350000,Sholinganallur,1415
28.592918,77.39346,20530000,Gurugram-Sector 56,2600
18.593376,73.813404,11120000,Baner,1519
22.537411,88.409423,8520000,New Town,1006
12.825426,77.493293,14650000,Hebbal,1461
13.087109,80.224875,23170000,T Nagar,2724
17.418288,78.466929,18080000,Madhapur,1834
28.392992,77.002515,16650000,Noida-Sector 76,1766
28.334143,77.09629,30690000,Gurugram-DLF Phase 3,3331
12.94819,77.689379,9140000,Yelahanka,1081
22.949484,72.40199,3510000,Bodakdev,842
18.567881,73.903188,15160000,Kothrud,1694
13.056902,77.455133,14030000,Koramangala,1870
12.90401,77.609455,27580000,Marathahalli,2670
18.563651,73.821659,19000000,Kharadi,2736
28.676029,77.25774,3960000,Gurugram-DLF Phase 3,496
12.970872,80.156996,26890000,Anna Nagar,2873
18.544335,73.862205,10350000,Aundh,1268
17.508336,78.410367,14270000,Gachibowli,1778
22.586948,88.494231,13960000,Jadavpur,1722
13.020434,80.233796,17510000,Porur,1504
23.051024,72.51622,14670000,Satellite,2496
13.004673,77.689701,14890000,HSR Layout,1363
12.857432,77.584891,23950000,Hebbal,3574
12.950814,80.312314,32390000,Sholinganallur,3156
13.055146,80.220514,10020000,Anna Nagar,1037
17.336348,78.557917,21270000,Madhapur,2982
13.10843,80.287359,8520000,T Nagar,1078
22.970646,72.401824,2450000,Maninagar,509
18.957851,72.795614,30210000,Andheri West,1794
28.51684,76.935631,37470000,Ghaziabad-Indirapuram,4964
13.028208,80.194183,21300000,Adyar,2678
28.393459,77.115374,15880000,Noida-Sector 62,2060
19.226216,72.811502,45470000,Thane West,2445
22.486673,88.463562,17820000,New Town,2147
22.91111,72.694938,3730000,Satellite,758
28.472544,77.291273,13270000,Dwarka,1232
23.013183,72.648506,4370000,Maninagar,831
19.060281,72.802034,60060000,Navi Mumbai-Kharghar,3375
22.530077,88.328083,47820000,New Town,5966
12.938398,80.191138,4610000,Velachery,637
13.034208,77.661984,30220000,Hebbal,3050
12.866508,77.672735,13550000,Sarjapur Road,1616
17.40734,78.351938,23340000,Jubilee Hills,2879
19.282581,72.77201,34530000,Bandra West,2446
28.45328,77.216747,14150000,Gurugram-Sector 56,1608
12.838207,77.550856,18390000,Indiranagar,2175
17.385204,78.326621,21290000,Banjara Hills,2524
19.202419,72.821548,61110000,Thane West,2632
12.996345,77.735851,19810000,Koramangala,2343
18.504551,73.804935,17990000,Hinjawadi,2338
28.427632,77.011303,9600000,Gurugram-Sector 56,1296
12.875547,77.480638,13610000,Koramangala,1441
12.888603,77.751477,11890000,Indiranagar,1449
13.096752,80.348594,16000000,OMR,1612
18.548031,73.899482,35900000,Aundh,2746
17.517528,78.426477,17970000,Manikonda,2580
13.195705,80.299792,13120000,Adyar,1487
23.058024,72.493478,7010000,Bodakdev,1251
23.008293,72.640528,9270000,Vastrapur,1618
22.566232,88.340038,8350000,Tollygunge,1012
17.265761,78.449168,12200000,Gachibowli,1709
13.075314,77.53613,11390000,Yelahanka,1141
13.024159,77.765853,15850000,Electronic City,1683
12.91782,80.321883,12730000,OMR,1653
28.50946,77.311866,13660000,Gurugram-DLF Phase 3,1464
28.363773,77.134819,5840000,Faridabad-Sector 21,699
13.088103,80.292804,9740000,Porur,1065
22.964769,72.42972,6470000,Vastrapur,1131
19.250927,72.832441,36680000,Vile Parle,2303
22.50895,88.325863,25120000,New Town,3925
18.558432,73.896514,4840000,Hinjawadi,645
28.564446,76.953421,13050000,Noida-Sector 76,1655
17.51373,78.321201,20810000,Kondapur,2168
23.082879,72.693095,13050000,Vastrapur,2346
28.665175,77.402236,9560000,Noida-Sector 62,1207
28.762228,77.153485,14240000,Gurugram-Sector 56,1499
22.523901,88.384928,12080000,Jadavpur,1585
19.024038,72.878995,26310000,Goregaon East,1814
23.021658,72.642946,18220000,Bodakdev,3232
28.454204,77.115865,9770000,Faridabad-Sector 21,1076
28.414705,77.006642,4850000,Gurugram-DLF Phase 3,603
28.539787,76.913888,25040000,Gurugram-DLF Phase 3,3060
23.117106,72.53402,6770000,Prahlad Nagar,1415
22.494385,88.36453,7140000,Rajarhat,886
18.954305,72.79222,10650000,Navi Mumbai-Kharghar,761
19.226689,72.793556,35010000,Andheri West,2080
22.495685,88.374415,5750000,Salt Lake,695
23.062528,72.57322,10010000,Bopal,1786
13.081694,80.322502,16370000,Sholinganallur,1902
22.994675,72.406613,12820000,Bodakdev,2063
19.28287,72.819337,24890000,Thane West,1604
13.070826,80.339635,18320000,Anna Nagar,2334
22.572774,88.378133,24230000,Rajarhat,2520
28.73196,77.045943,17680000,Dwarka,1678
18.904801,72.889758,26860000,Goregaon East,1674
18.913895,72.810546,47310000,Powai,2414
19.24268,72.82141,7520000,Thane West,524
18.645979,73.838917,4990000,Baner,702
13.000127,77.53817,19780000,Hebbal,2277
12.878292,77.560467,73290000,Koramangala,6511
13.031551,80.200773,21350000,Velachery,2835
18.907778,72.880974,14640000,Andheri West,852
28.511794,77.424237,14800000,Gurugram-Sector 56,1695
17.353233,78.532971,10980000,Kondapur,1222
17.303459,78.427689,18520000,Gachibowli,2539
18.468556,73.936148,13410000,Baner,1284
17.361743,78.58378,13210000,Kondapur,1619
18.618801,73.793681,10770000,Hinjawadi,1257
17.36758,78.584536,7720000,Madhapur,1155
19.022991,72.816184,20920000,Mulund,1458
13.160974,80.202328,22670000,T Nagar,2369
22.908526,72.439365,8440000,Maninagar,1447
18.941343,72.765497,22620000,Bandra West,1477
12.82065,77.516976,9850000,Whitefield,1192
12.982705,77.622268,44990000,Banashankari,3691
17.312789,78.328013,17510000,Manikonda,2351
22.940164,72.679704,12300000,Vastrapur,2559
28.705702,76.905202,21710000,Noida-Sector 62,2545
13.011465,77.647913,18910000,Koramangala,1807
13.126467,77.542392,20140000,Indiranagar,2436
22.543065,88.476605,7950000,Jadavpur,1070
17.302056,78.579517,31280000,Manikonda,3480
17.373933,78.461148,13820000,Banjara Hills,1845
28.786829,76.928975,18760000,Dwarka,1850
17.528478,78.487515,30320000,Gachibowli,3953
22.624436,88.499224,4130000,Tollygunge,617
23.068259,72.583992,12630000,Vastrapur,2468
22.555242,88.316507,12840000,Salt Lake,1565
28.321652,77.13308,14760000,Ghaziabad-Indirapuram,1583
18.616561,73.861613,8640000,Aundh,1068
17.520449,78.585534,9180000,Jubilee Hills,1364
23.069125,72.512676,9310000,Bodakdev,1673
12.812544,77.596986,11550000,Indiranagar,1332
13.093419,80.309422,15880000,Porur,1835
13.085717,80.247079,7730000,Sholinganallur,838
23.109373,72.436575,7750000,Thaltej,1707
22.555188,88.373404,14200000,Rajarhat,1810
23.026158,72.693403,11410000,Bopal,2370
13.013983,80.319745,15080000,Porur,1795
17.406942,78.463226,17520000,Jubilee Hills,2276
13.02101,80.207725,13120000,Velachery,1401
28.745594,77.06848,20450000,Gurugram-Sector 56,2415
17.352288,78.496288,10620000,Kondapur,1215
17.541863,78.597542,10850000,Manikonda,1663
18.587136,73.925581,33690000,Aundh,3353
12.854197,77.651417,12180000,Electronic City,1507
12.908677,77.518718,5940000,Whitefield,744
28.617236,77.499461,11180000,Noida-Sector 62,1170
19.015863,72.867383,31090000,Mulund,1744
28.544739,77.405329,24490000,Dwarka,2844
22.912804,72.458243,10140000,Satellite,1768
18.451273,73.941048,4270000,Hinjawadi,469
22.92701,72.524707,4800000,Prahlad Nagar,980
12.964021,80.343395,34080000,Sholinganallur,3899
13.119861,80.298327,8680000,Anna Nagar,1016
13.143861,77.789521,4720000,Electronic City,489
17.364858,78.533261,25010000,Banjara Hills,3309
18.623835,73.869644,29120000,Aundh,2914
18.547488,73.885401,31690000,Kothrud,2770
18.627702,73.918736,52750000,Kharadi,5074
13.068836,80.164284,13100000,Anna Nagar,1378
18.476094,73.768767,16560000,Wakad,1658
19.120425,72.914051,101120000,Andheri West,6896
13.094275,77.556501,12540000,Koramangala,1263
13.047531,80.253671,10780000,Porur,1295
28.544522,77.32693,15570000,Faridabad-Sector 21,1694
22.991749,72.692844,3760000,Thaltej,748
18.633016,73.815873,17150000,Kharadi,2044
17.314615,78.404508,9380000,Kondapur,1334
13.050635,77.652547,18730000,HSR Layout,1917
13.05384,77.707466,17540000,Yelahanka,1826
18.992631,72.915457,31340000,Bandra West,1888
22.916672,72.61697,8610000,Maninagar,1820
13.169324,80.170565,3960000,Adyar,586
12.962024,77.612838,17690000,Banashankari,1889
18.544811,73.812723,13090000,Kharadi,1636
13.119095,77.705515,10600000,Yelahanka,1216
13.161829,80.216888,5560000,Adyar,631
23.04951,72.615894,7030000,Bodakdev,1603
12.93456,77.478092,16960000,Indiranagar,1911
18.513705,73.918876,13190000,Wakad,1358
28.32872,77.170401,15000000,Noida-Sector 76,1702
12.911214,80.297156,15420000,OMR,1795
23.045911,72.450855,6440000,Bodakdev,1292
19.251207,72.874863,27390000,Mulund,1738
28.300294,77.186124,8010000,Faridabad-Sector 21,939
18.934653,72.94323,40170000,Andheri West,2643
13.186335,80.267924,11020000,Adyar,1124
17.401831,78.57289,4300000,Kukatpally,565
13.044378,80.167746,10820000,T Nagar,1369
18.500379,73.851364,3650000,Kothrud,495
28.488112,77.451895,17530000,Noida-Sector 62,2091
17.266994,78.415463,8030000,Kukatpally,1176
19.123415,72.857604,20730000,Vile Parle,1091
13.126914,77.664423,6540000,Marathahalli,679
13.08956,77.642491,10100000,Hebbal,1192
28.688748,77.464515,10140000,Gurugram-Sector 56,1260
22.536703,88.471279,11660000,Rajarhat,1437
13.118212,80.33305,10010000,Anna Nagar,1468
22.944486,72.428952,10680000,Vastrapur,2429
17.320925,78.438256,10770000,Gachibowli,1132
13.126897,80.230701,44170000,Anna Nagar,3588
18.988022,72.824033,33470000,Powai,1823
12.865428,77.522475,16920000,Banashankari,1788
13.139488,80.173027,4260000,T Nagar,531
19.179555,72.90413,25600000,Thane West,1657
18.913208,72.753952,34530000,Navi Mumbai-Kharghar,2513
17.464786,78.571694,68260000,Gachibowli,5904
23.120453,72.470499,2910000,Bopal,657
17.511436,78.413289,22100000,Jubilee Hills,2733
22.541634,88.440813,28360000,Jadavpur,3182
12.861154,77.732022,6460000,Marathahalli,718
18.452736,73.917687,13570000,Kharadi,1587
28.757073,77.093238,7470000,Faridabad-Sector 21,840
28.419102,76.931639,24350000,Noida-Sector 62,2493
22.526786,88.318314,19050000,Rajarhat,2532
17.400313,78.327326,4310000,Kukatpally,696
12.870776,77.60596,17450000,Electronic City,1918
12.939829,77.763584,21980000,Koramangala,2319
13.088116,77.500369,22770000,Whitefield,2316
28.313791,76.952416,9200000,Gurugram-DLF Phase 3,1185
28.755639,77.426706,20940000,Gurugram-DLF Phase 3,2190
19.005942,72.854724,6840000,Thane West,475
18.633112,73.903195,15620000,Wakad,1572
22.455377,88.432666,38770000,Behala,5929
28.795996,77.013797,39960000,Noida-Sector 76,3893
23.093303,72.459219,5900000,Maninagar,1447
12.900928,80.310122,14950000,Sholinganallur,1851
13.1397,80.212523,5990000,Sholinganallur,737
18.573743,73.766468,14150000,Aundh,1906
18.510437,73.85089,9750000,Baner,1197
17.434859,78.521886,12500000,Kondapur,1859
22.990883,72.628621,8600000,Maninagar,1766
13.037421,77.450516,11530000,Sarjapur Road,1237
17.332956,78.597154,13270000,Kondapur,1902
12.931531,80.258378,8630000,Adyar,1025
13.009333,80.328385,16590000,Porur,1918
17.450008,78.520839,14170000,Kondapur,1850
17.309112,78.359792,4340000,Kondapur,612
22.636646,88.47048,5930000,Tollygunge,750
13.122025,80.245251,46970000,T Nagar,3748
12.83989,77.657239,13870000,HSR Layout,1149
22.469404,88.325192,12290000,Tollygunge,1555
28.671303,77.459638,14380000,Gurugram-Sector 56,1238
13.096481,80.342628,12780000,Porur,1246
22.648083,88.380391,6340000,Salt Lake,812
18.970817,72.924219,37130000,Andheri West,2527
13.108438,77.71054,42810000,Indiranagar,3106
17.285673,78.353563,6650000,Madhapur,893
19.206529,72.916783,44320000,Bandra West,2079
28.401191,77.114044,21440000,Gurugram-DLF Phase 3,2776
12.916897,80.318878,25080000,Sholinganallur,3248
28.668015,77.008154,4860000,Faridabad-Sector 21,546
12.99575,77.514251,12890000,Yelahanka,1680
17.429327,78.448275,8380000,Kukatpally,1145
23.011325,72.683359,4490000,Prahlad Nagar,827
12.949149,80.289975,14490000,Anna Nagar,1684
28.432982,77.162561,33760000,Noida-Sector 62,3913
13.073876,80.249032,7810000,OMR,1095
18.545237,73.86212,4330000,Baner,622
18.59036,73.940317,20010000,Kothrud,1943
23.094105,72.533024,12770000,Bodakdev,2300
12.848618,77.598844,58680000,Electronic City,6725
17.258774,78.346398,14780000,Madhapur,2268
22.554384,88.438228,6170000,Jadavpur,857
17.30799,78.440826,31660000,Gachibowli,2794
28.593276,77.286943,36880000,Gurugram-Sector 56,2969
19.000201,72.854568,17290000,Thane West,1070
28.465569,77.497999,16880000,Ghaziabad-Indirapuram,2262
22.952154,72.430127,2040000,Vastrapur,469
22.911857,72.48314,12540000,Bodakdev,2568
12.932533,80.190834,5360000,Velachery,574
13.079405,80.237483,13650000,Sholinganallur,1435
17.281289,78.343797,11040000,Jubilee Hills,1473
17.278906,78.300764,17140000,Jubilee Hills,2363
13.032943,77.480897,45110000,Koramangala,3921
12.959054,80.166319,18320000,OMR,1799
17.334263,78.483575,13160000,Banjara Hills,1698
22.456921,88.351109,9350000,Behala,1170
19.216403,72.871161,25180000,Bandra West,1758
13.036247,80.275133,9020000,Sholinganallur,989
13.132262,80.219606,19270000,Sholinganallur,2547
18.571136,73.896965,15650000,Aundh,1873
22.50072,88.351136,27090000,Tollygunge,3250
12.822958,77.759009,15060000,Banashankari,1816
28.563276,76.992152,12570000,Faridabad-Sector 21,1579
12.922412,80.312701,36280000,Velachery,3637
13.061543,80.329035,36640000,T Nagar,3973
12.948362,80.303762,26560000,Adyar,2972
22.574877,88.360196,5200000,Behala,663
19.143153,72.812679,24740000,Andheri West,1741
17.370903,78.38291,5010000,Kondapur,748
28.590884,76.925745,20130000,Dwarka,1881
13.076037,77.635718,16980000,Koramangala,1740
12.975471,77.60785,21350000,Whitefield,1907
22.997964,72.527821,11990000,Bodakdev,2046
19.035683,72.811636,13900000,Vile Parle,824
13.105764,77.683969,23370000,Whitefield,2506
17.309594,78.506241,5300000,Gachibowli,782
13.103817,77.536521,31440000,Sarjapur Road,3402
18.603706,73.855468,30800000,Hinjawadi,3366
28.627063,77.036754,28950000,Dwarka,3465
19.103355,72.881643,23910000,Mulund,1416
18.599911,73.880457,13780000,Hinjawadi,1430
18.490146,73.773251,9890000,Baner,1245
28.501318,77.041097,21460000,Faridabad-Sector 21,1826
19.272325,72.813507,26510000,Navi Mumbai-Kharghar,1794
28.760239,77.23195,5240000,Faridabad-Sector 21,700
18.546872,73.883342,28740000,Viman Nagar,2805
13.032537,77.751741,12460000,Yelahanka,1417
12.97652,80.281685,11440000,Velachery,1356
12.964184,80.267983,22780000,Porur,2485
13.106268,77.724359,14430000,Banashankari,1516
13.035873,80.266196,12160000,Anna Nagar,1617
28.72905,77.365327,17880000,Noida-Sector 62,1957
17.480217,78.411095,14350000,Manikonda,1753
28.685225,77.389804,11860000,Gurugram-Sector 56,1397
22.589766,88.457044,8550000,Rajarhat,1101
18.525102,73.773464,28280000,Baner,3406
13.192589,80.271816,7370000,T Nagar,985
28.492588,77.242086,28260000,Ghaziabad-Indirapuram,3181
12.921292,80.267717,4880000,Anna Nagar,619
19.247014,72.762754,38180000,Powai,2439
13.123276,77.457455,10120000,Marathahalli,1273
12.941659,77.568081,14690000,Marathahalli,1505
13.061785,77.576695,22140000,HSR Layout,2454
23.053975,72.554724,7130000,Prahlad Nagar,1343
18.525654,73.800434,7210000,Hinjawadi,1021
19.201725,72.918119,40310000,Mulund,2072
18.938945,72.80998,18110000,Vile Parle,1123
13.199052,80.154608,16930000,T Nagar,1867
18.532508,73.886955,5730000,Kharadi,750
17.356507,78.334858,7120000,Banjara Hills,722
12.932776,77.516602,23170000,Banashankari,1932
13.048282,77.658232,19190000,Hebbal,2055
23.138348,72.650625,11040000,Satellite,2000
22.557669,88.3129,9640000,Tollygunge,1514
17.454666,78.362416,26490000,Manikonda,2652
12.967887,77.473427,14420000,Koramangala,1580
23.122107,72.498918,5930000,Prahlad Nagar,1184
13.065788,77.522106,8230000,Marathahalli,778
13.071219,80.246323,10510000,Anna Nagar,1052
13.186447,80.349216,9240000,Velachery,1134
13.137344,77.486854,22100000,Marathahalli,2282
17.31751,78.539521,7710000,Madhapur,1065
19.071941,72.83187,53900000,Goregaon East,2759
12.928571,80.344425,26970000,Porur,3044
18.486037,73.899432,14370000,Viman Nagar,1573
12.950874,80.309589,17830000,T Nagar,1912
28.683284,76.948025,28410000,Ghaziabad-Indirapuram,2777
28.326803,77.0953,15300000,Gurugram-DLF Phase 3,1604
13.051646,80.247226,23810000,Sholinganallur,2662
17.454644,78.426906,20630000,Kukatpally,2023
17.388639,78.520105,11210000,Gachibowli,1520
23.062481,72.574049,15010000,Bopal,2728
12.877898,77.469546,21490000,Hebbal,1576
28.318436,77.342385,15770000,Faridabad-Sector 21,1675
12.967647,80.294886,13710000,Porur,1478
12.875933,77.762666,21660000,Marathahalli,2707
18.971955,72.91841,20450000,Thane West,1473
22.594505,88.379472,12610000,New Town,1800
18.470443,73.886466,7320000,Hinjawadi,818
22.624945,88.40679,31790000,Salt Lake,3362
12.896343,77.78009,21300000,Hebbal,2254
13.102723,77.792001,7130000,Whitefield,866
19.090189,72.770556,20040000,Thane West,1441
23.051489,72.472004,5740000,Maninagar,1079
22.626874,88.453282,18250000,Tollygunge,2549
18.939615,72.815783,19710000,Vile Parle,1247
12.952459,77.468428,21730000,Koramangala,2289
28.417383,77.073302,19400000,Gurugram-DLF Phase 3,2267
13.019055,77.558334,14080000,Banashankari,1623
17.329276,78.496798,6820000,Madhapur,942
12.900793,77.460558,3880000,Banashankari,527
17.530051,78.338772,4670000,Gachibowli,638
13.12814,80.266248,16480000,Porur,1985
12.85001,77.539956,13050000,Banashankari,1823
13.01293,77.736685,16100000,Banashankari,1894
19.104677,72.795513,30420000,Vile Parle,1847
22.98165,72.540722,8320000,Prahlad Nagar,1958
22.936515,72.63903,5810000,Vastrapur,1145
23.066734,72.522852,2230000,Prahlad Nagar,550
22.608424,88.389894,3160000,New Town,555
28.59574,76.930006,6540000,Gurugram-DLF Phase 3,773
12.986941,77.647949,9910000,Sarjapur Road,1050
18.605252,73.806128,14890000,Hinjawadi,1756
17.476963,78.369885,52300000,Jubilee Hills,5774
13.126585,77.79688,14120000,Yelahanka,1606
18.475419,73.841705,18770000,Aundh,1910
22.583163,88.362286,12530000,New Town,1640
19.162586,72.912801,27800000,Andheri West,1770
18.59362,73.850908,11180000,Aundh,1323
28.78615,77.465398,8300000,Gurugram-Sector 56,1059
18.631834,73.831689,9570000,Baner,954
12.835631,77.488704,26320000,Marathahalli,2542
28.773756,76.904736,26880000,Dwarka,2838
28.672176,77.468962,23690000,Gurugram-DLF Phase 3,3898
13.060179,80.272503,12580000,Anna Nagar,1304
19.155274,72.802326,8340000,Goregaon East,677
12.939612,77.69479,33990000,Banashankari,2806
22.473293,88.361707,27120000,Rajarhat,2591
13.124234,77.63754,16470000,Banashankari,1343
17.473771,78.378439,5820000,Kukatpally,808
28.398076,77.251951,22810000,Ghaziabad-Indirapuram,2050
28.761514,77.192432,10330000,Faridabad-Sector 21,1444
17.393219,78.599515,6080000,Kukatpally,711
17.270867,78.512682,26820000,Kondapur,2894
23.076905,72.621347,9390000,Satellite,1791
13.18339,80.156473,34480000,Velachery,2881
13.069393,77.5084,21750000,Hebbal,2194
18.528035,73.942026,11440000,Wakad,1419
23.008648,72.648789,2910000,Prahlad Nagar,569
22.622598,88.406709,8450000,New Town,1144
13.129117,80.347002,12870000,Anna Nagar,1594
17.52504,78.417321,13350000,Manikonda,1647
18.548146,73.935078,18510000,Kothrud,1984
28.478998,77.063719,22870000,Gurugram-Sector 56,2313
22.915836,72.499096,9410000,Maninagar,1878
18.57647,73.806868,24600000,Kothrud,2508
28.533732,77.479533,26470000,Noida-Sector 76,2945
12.941155,80.324208,11500000,Porur,1443
19.210924,72.75636,19560000,Andheri West,1567
18.612656,73.893595,11180000,Baner,1302
18.915099,72.897029,62060000,Thane West,3441
13.117073,77.732949,10660000,Koramangala,1235
19.202677,72.796244,33490000,Vile Parle,1761
13.128056,80.176539,22220000,Velachery,2420
19.284712,72.903619,28460000,Navi Mumbai-Kharghar,1980
19.22865,72.805992,14600000,Powai,1064
28.797563,77.267779,8990000,Noida-Sector 62,1076
17.339321,78.450226,5390000,Banjara Hills,745
28.52674,77.246839,23800000,Gurugram-Sector 56,2637
22.47476,88.374836,26760000,Rajarhat,2848
22.956035,72.50555,9920000,Bodakdev,1882
19.03583,72.826807,38610000,Bandra West,2199
22.940437,72.585963,15870000,Satellite,2998
28.734642,76.906507,31960000,Ghaziabad-Indirapuram,2613
13.048513,80.245736,19360000,Sholinganallur,1813
19.221447,72.806361,16110000,Thane West,1007
13.117412,80.290916,10080000,T Nagar,1352
17.519556,78.544557,20180000,Banjara Hills,2789
17.520204,78.533395,8740000,Kondapur,1147
17.514949,78.53188,12910000,Madhapur,1759
13.172505,80.344553,18240000,Adyar,1893
19.248849,72.806799,36150000,Powai,2701
13.116164,80.167936,17320000,Velachery,2096
22.620007,88.464024,12210000,New Town,1541
28.43121,77.023821,6180000,Gurugram-Sector 56,725
13.114064,77.54408,21630000,Sarjapur Road,2540
28.37617,77.039095,17700000,Dwarka,1794
22.588428,88.397482,15410000,Tollygunge,2198
13.05152,80.203391,16250000,Velachery,1752
23.051364,72.537212,13150000,Thaltej,2676
13.01258,80.230724,5200000,Porur,623
28.379027,77.070526,11720000,Faridabad-Sector 21,1503
22.518533,88.334969,25880000,Tollygunge,2915
17.527772,78.498951,50630000,Kondapur,6118
22.569614,88.323688,16340000,Behala,2019
28.647718,76.97767,28810000,Ghaziabad-Indirapuram,3207
22.535605,88.48586,16530000,Rajarhat,2371
17.304628,78.515917,12710000,Banjara Hills,1349
19.105948,72.760522,24020000,Navi Mumbai-Kharghar,1700
28.407743,77.468773,21410000,Faridabad-Sector 21,2501
18.921358,72.763092,31100000,Mulund,1935
28.345562,76.938537,11250000,Noida-Sector 62,1382
13.120694,80.288608,5950000,OMR,690
19.132155,72.866178,48770000,Thane West,3189
28.680679,77.236905,25270000,Faridabad-Sector 21,1957
18.944326,72.850679,10790000,Mulund,709
22.455186,88.441151,28640000,Salt Lake,3443
22.966338,72.483752,4410000,Vastrapur,878
12.975886,80.182943,10280000,Velachery,1106
22.631081,88.498533,14010000,Tollygunge,1676
28.706777,77.035856,3850000,Faridabad-Sector 21,472
17.29231,78.482933,13010000,Gachibowli,1858
13.17982,80.28937,11230000,Velachery,1149
12.987156,77.75436,26570000,Banashankari,2389
13.184666,80.306535,5580000,Anna Nagar,684
12.905612,80.326885,10230000,OMR,1304
12.914438,77.701473,22190000,Yelahanka,2366
18.549168,73.936653,8640000,Kharadi,1134
17.459438,78.486179,22790000,Banjara Hills,2942
23.066564,72.431441,5960000,Prahlad Nagar,1205
17.467457,78.302147,10900000,Banjara Hills,1566
22.528699,88.338387,15080000,Salt Lake,1987
19.1262,72.879576,38240000,Thane West,2196
18.556296,73.902712,21230000,Kothrud,3090
28.392287,77.398026,14310000,Ghaziabad-Indirapuram,1502
19.08178,72.948529,19560000,Bandra West,1254
22.946057,72.629008,33700000,Prahlad Nagar,5296
19.104544,72.75449,40360000,Andheri West,2090
17.519901,78.364433,36430000,Gachibowli,4020
12.989339,80.175674,19570000,Adyar,1600
18.456197,73.822313,23400000,Wakad,2839
22.993199,72.630961,2800000,Bopal,762
23.10173,72.653121,16830000,Bodakdev,2569
22.519929,88.445656,4910000,Tollygunge,684
22.512111,88.384263,39350000,Tollygunge,4662
22.600104,88.380724,43690000,Rajarhat,6069
12.917546,80.298655,20300000,Sholinganallur,2106
18.959261,72.943917,21430000,Thane West,1537
22.962125,72.664213,28870000,Bopal,6778
23.01866,72.591036,16420000,Prahlad Nagar,2831
18.463336,73.873162,25000000,Hinjawadi,2849
22.92535,72.697771,7670000,Satellite,1249
22.56057,88.408945,11010000,Rajarhat,1337
17.407487,78.557482,17870000,Kondapur,2518
13.143169,77.498019,21890000,Sarjapur Road,2533
12.841949,77.604715,22850000,Whitefield,2594
18.483798,73.936444,18980000,Kothrud,2381
28.34214,77.070885,15770000,Gurugram-Sector 56,1871
18.586964,73.835634,46430000,Kothrud,4266
18.542793,73.849204,12600000,Viman Nagar,1385
22.478221,88.34538,7300000,Jadavpur,1126
18.98931,72.750761,30780000,Mulund,1622
19.10089,72.887073,37820000,Bandra West,2155
17.463568,78.490795,10500000,Manikonda,1342
12.949242,80.326356,33800000,Anna Nagar,4478
17.475172,78.431862,15380000,Madhapur,1892
18.924599,72.861201,42150000,Navi Mumbai-Kharghar,2272
18.962476,72.93087,33500000,Andheri West,2118
12.909357,77.772689,23350000,Yelahanka,2111
23.034803,72.672089,11210000,Maninagar,1867
22.516149,88.47595,14280000,Tollygunge,1844
18.483849,73.830004,9130000,Viman Nagar,825
22.91899,72.614131,3430000,Prahlad Nagar,762
22.592505,88.395839,15480000,Rajarhat,2021
22.62537,88.362692,5180000,Behala,697
13.007262,77.758177,14980000,HSR Layout,1781
22.951063,72.63048,6770000,Thaltej,1507
22.981437,72.564519,16530000,Thaltej,2682
19.20676,72.762492,24680000,Bandra West,1592
22.493727,88.355555,11390000,New Town,1531
19.023898,72.943009,6860000,Navi Mumbai-Kharghar,527
19.167021,72.795957,5610000,Andheri West,499
17.281425,78.491696,14870000,Manikonda,1766
13.085695,80.268791,4800000,Porur,553
22.610092,88.447669,14380000,Rajarhat,1895
18.996748,72.880696,26690000,Goregaon East,1708
18.557342,73.860998,8580000,Viman Nagar,1207
22.545728,88.326643,13430000,Behala,1552
18.522906,73.84445,26910000,Kharadi,3347
18.458781,73.754754,7340000,Kharadi,872
23.031531,72.53088,9430000,Satellite,1789
28.553121,77.290441,14790000,Dwarka,1795
19.257507,72.842933,23940000,Andheri West,1626
22.527566,88.430359,8850000,Tollygunge,1213
17.427292,78.490779,19060000,Manikonda,1791
22.473866,88.483107,14270000,Tollygunge,1918
18.997424,72.832108,37600000,Mulund,2092
23.068508,72.698426,6210000,Satellite,1196
22.499851,88.328366,12080000,New Town,1779
23.004224,72.524463,10720000,Thaltej,2021
28.523749,77.393507,15620000,Faridabad-Sector 21,2034
12.963574,77.76407,22370000,Hebbal,2145
28.406905,77.389586,12830000,Noida-Sector 62,1267
18.505435,73.864434,10800000,Aundh,1323
22.463761,88.375669,19850000,Behala,2383
23.10057,72.494978,5000000,Prahlad Nagar,995
22.50879,88.396365,20480000,Jadavpur,2518
12.96571,77.714999,10690000,Sarjapur Road,1066
19.261874,72.854033,10840000,Bandra West,772
28.719297,77.335124,30790000,Noida-Sector 76,3351
22.511284,88.455541,19900000,Rajarhat,2221
17.334023,78.356,10810000,Gachibowli,1439
12.970924,77.519619,5030000,Sarjapur Road,563
12.995443,80.320945,5590000,Velachery,724
22.528778,88.36936,9390000,Behala,1129
12.919062,80.332635,13700000,Adyar,1553
28.574555,76.960213,7160000,Gurugram-Sector 56,641
13.035549,80.310146,3870000,OMR,498
13.097016,80.19461,32450000,Anna Nagar,3966
28.636667,76.99238,15040000,Dwarka,1472
22.518954,88.483402,14450000,Rajarhat,2457
13.050739,77.626327,68130000,HSR Layout,6149
28.39022,77.220141,9860000,Ghaziabad-Indirapuram,1037
28.467529,77.287572,8090000,Gurugram-DLF Phase 3,859
13.084144,77.516732,21950000,Hebbal,1944
12.958204,80.182128,23670000,OMR,2710
23.096097,72.449471,19970000,Thaltej,3406
23.012863,72.424811,8460000,Vastrapur,1497
18.462474,73.772898,8600000,Kothrud,1066
18.974961,72.930144,21750000,Thane West,1461
12.98138,77.467069,14700000,Indiranagar,1787
17.38279,78.346135,21120000,Kondapur,3184
12.952529,77.792404,26750000,Yelahanka,2592
12.960232,77.53014,13700000,Indiranagar,1614
22.978824,72.433226,7440000,Bopal,1685
13.144265,77.765809,5490000,Yelahanka,746
28.486849,77.158365,8900000,Gurugram-DLF Phase 3,856
18.604082,73.930841,17690000,Aundh,2191
19.284886,72.93752,15620000,Andheri West,941
18.627622,73.874172,16260000,Kharadi,1877
23.142288,72.559624,13060000,Maninagar,2321
22.917672,72.578985,5800000,Prahlad Nagar,1125
13.105716,77.705561,12840000,Electronic City,1456
12.953139,80.167293,4600000,Adyar,597
18.923088,72.78976,8220000,Andheri West,553
19.190199,72.946628,43770000,Thane West,2459
18.619727,73.843249,48150000,Aundh,5688
22.639471,88.303609,5010000,Salt Lake,778
23.087691,72.541237,7740000,Prahlad Nagar,1657
18.499868,73.948368,13720000,Kothrud,1461
22.941063,72.647372,2770000,Bopal,580
17.415121,78.552319,21500000,Banjara Hills,2408
18.616939,73.845851,19320000,Wakad,1998
17.443883,78.349854,25550000,Gachibowli,3804
12.997377,77.503848,4990000,Whitefield,741
22.579734,88.385179,11470000,Behala,1481
22.91606,72.469903,2610000,Prahlad Nagar,604
18.510378,73.754633,14360000,Kothrud,1602
19.139351,72.759497,33260000,Navi Mumbai-Kharghar,1973
17.460241,78.560557,5160000,Manikonda,743
22.517917,88.465165,9180000,Rajarhat,1366
28.712893,77.167416,33740000,Ghaziabad-Indirapuram,2705
12.967959,80.31084,26450000,T Nagar,2677
17.471258,78.369387,20670000,Madhapur,2494
23.116158,72.631795,7070000,Thaltej,1333
19.281603,72.794463,52770000,Bandra West,3465
22.942001,72.409156,43530000,Maninagar,6201
22.611585,88.334803,5090000,New Town,692
22.916784,72.56676,16290000,Prahlad Nagar,3004
17.548398,78.361872,13420000,Manikonda,1874
18.635846,73.87362,13300000,Hinjawadi,1552
28.369811,77.013557,24030000,Noida-Sector 76,2592
18.501683,73.774214,26710000,Kothrud,2896
28.440486,77.230289,8980000,Dwarka,1112
18.479359,73.796103,8490000,Hinjawadi,977
17.318012,78.551676,13680000,Manikonda,1693
13.146053,80.337507,28710000,Velachery,2829
12.842135,77.593748,14180000,Sarjapur Road,1907
18.546044,73.946151,33580000,Viman Nagar,3323
13.005749,77.450651,15440000,HSR Layout,1732
13.164679,80.348115,18550000,OMR,2105
22.635768,88.32542,30400000,New Town,3603
17.303869,78.44751,28480000,Kondapur,3215
23.073054,72.643686,13390000,Bopal,2152
17.458292,78.593043,10450000,Jubilee Hills,1056
18.542719,73.753676,8570000,Kharadi,1064
12.879398,77.796508,17540000,Marathahalli,1878
22.520707,88.319648,17780000,Jadavpur,2634
12.85836,77.648637,26650000,Indiranagar,3091
28.731229,77.010446,20360000,Faridabad-Sector 21,2541
28.440342,77.384535,11300000,Noida-Sector 76,1163
13.147897,80.23645,20900000,Anna Nagar,2471
17.320213,78.420837,12170000,Manikonda,1495
17.302428,78.565488,18800000,Madhapur,2648
17.382232,78.476038,5690000,Madhapur,707
22.61095,88.425203,8370000,Rajarhat,1142
19.27832,72.948775,7900000,Andheri West,590
28.612659,77.077352,5940000,Gurugram-DLF Phase 3,688
19.031793,72.827801,43310000,Navi Mumbai-Kharghar,2284
19.036084,72.903757,40400000,Mulund,2643
28.710872,76.928373,14570000,Dwarka,1400
28.582537,77.072312,8630000,Faridabad-Sector 21,1121
28.526133,77.19276,36070000,Gurugram-DLF Phase 3,3552
22.649721,88.406067,12900000,Behala,1622
12.935071,77.613794,16090000,Indiranagar,1827
28.414952,76.919641,23890000,Dwarka,2985
12.969132,80.186087,56830000,Adyar,5385
23.1012,72.517937,7700000,Maninagar,1557
18.520451,73.804668,41650000,Hinjawadi,4270
22.622307,88.32563,9560000,Behala,1201
17.335042,78.512127,16070000,Jubilee Hills,1940
18.927957,72.893377,32690000,Powai,2152
22.94909,72.550387,8770000,Bopal,1589
12.950749,77.577646,22530000,HSR Layout,2606
28.617624,77.055208,26490000,Ghaziabad-Indirapuram,2289
18.519683,73.821345,33960000,Kothrud,3436
18.518914,73.879159,5780000,Viman Nagar,724
19.161935,72.87819,10620000,Navi Mumbai-Kharghar,681
19.155014,72.814127,83590000,Bandra West,4793
28.348336,77.180221,16850000,Noida-Sector 62,1919
19.280737,72.928975,59250000,Navi Mumbai-Kharghar,2570
17.325413,78.346904,28800000,Jubilee Hills,2819
28.468574,77.17981,20670000,Ghaziabad-Indirapuram,2187
12.982202,77.515846,12560000,Sarjapur Road,1623
17.335602,78.362067,16410000,Kondapur,2330
28.363021,77.054198,13990000,Ghaziabad-Indirapuram,1804
13.04048,77.724439,3460000,Sarjapur Road,406
13.008447,80.306397,13360000,T Nagar,1430
13.040563,77.745648,14340000,Yelahanka,1589
22.645549,88.424364,11480000,Jadavpur,1561
12.841677,77.65321,9430000,Sarjapur Road,1106
18.568804,73.885651,10830000,Aundh,1279
18.485376,73.866112,32820000,Baner,3602
18.509556,73.942108,13930000,Kharadi,1635
22.543707,88.309365,12960000,Behala,1747
18.971654,72.886308,9540000,Mulund,701
12.908924,80.311095,18440000,T Nagar,1858
28.367427,77.446947,6230000,Gurugram-Sector 56,653
17.447639,78.43923,12350000,Banjara Hills,1768
22.976192,72.654134,17270000,Satellite,3734
22.619431,88.361778,8910000,Rajarhat,1250
28.499407,77.210961,24300000,Noida-Sector 76,2156
17.416296,78.532638,5520000,Jubilee Hills,718
12.927361,77.630763,16510000,Banashankari,1727
13.156768,80.32253,3910000,Velachery,466
18.492708,73.759782,20790000,Kharadi,2738
22.965786,72.697297,15690000,Vastrapur,2915
22.575211,88.317219,7420000,Tollygunge,1019
22.62488,88.47884,18780000,Tollygunge,2469
23.106978,72.625312,13020000,Bodakdev,2967
13.099203,77.455714,4010000,Whitefield,457
17.511477,78.56736,9850000,Gachibowli,1438
17.465342,78.506024,29760000,Jubilee Hills,3434
17.522754,78.396082,13770000,Jubilee Hills,1722
13.119908,80.19203,6570000,Adyar,792
23.114399,72.631326,9740000,Satellite,2244
23.137334,72.42947,23400000,Bopal,3379
12.968968,77.727965,15130000,Sarjapur Road,1475
18.640882,73.948624,5910000,Wakad,732
23.133043,72.566071,6450000,Prahlad Nagar,1498
28.659203,77.09067,5820000,Noida-Sector 76,671
17.523221,78.539503,18290000,Kondapur,2706
17.49191,78.476965,12910000,Kukatpally,1707
28.368056,76.941566,15310000,Noida-Sector 62,1808
17.460111,78.306659,8050000,Madhapur,1127
19.107915,72.855297,75750000,Navi Mumbai-Kharghar,4067
13.146709,80.222411,18390000,Velachery,2237
19.290248,72.826002,25740000,Vile Parle,1592
18.910657,72.89443,31710000,Thane West,1831
17.498094,78.451117,18020000,Jubilee Hills,2843
23.039425,72.437616,9850000,Bopal,1751
18.598104,73.905606,14700000,Wakad,1543
19.109705,72.932057,9350000,Mulund,741
28.719554,77.230058,5490000,Dwarka,663
28.770847,77.045298,21130000,Gurugram-DLF Phase 3,2020
13.011617,80.285126,18490000,Sholinganallur,2385
12.929289,80.162153,31460000,T Nagar,3222
28.731048,77.275447,11980000,Noida-Sector 62,1159
23.021886,72.468291,8200000,Bodakdev,1675
17.379921,78.456513,5910000,Gachibowli,724
23.074321,72.552483,8450000,Prahlad Nagar,1602
28.610162,77.105076,20210000,Gurugram-DLF Phase 3,2466
22.527887,88.362809,29350000,Behala,3735
19.153445,72.93009,15660000,Navi Mumbai-Kharghar,1152
28.683851,77.491277,13910000,Noida-Sector 62,1503
19.146975,72.853527,29690000,Goregaon East,1810
28.363874,77.442693,26160000,Noida-Sector 76,2738
12.916194,80.346277,8480000,OMR,1031
12.823575,77.475735,16180000,Marathahalli,1631
12.925096,77.651234,14620000,Koramangala,1719
17.334404,78.429474,47210000,Jubilee Hills,5811
13.030288,80.254207,16860000,Sholinganallur,1661
12.827571,77.598273,19100000,Banashankari,2094
12.91609,80.322022,24050000,Porur,2927
28.524435,77.209345,21510000,Faridabad-Sector 21,2363
17.396134,78.56053,8290000,Kukatpally,1012
17.297274,78.531506,21060000,Banjara Hills,2531
18.59489,73.897566,18890000,Wakad,2205
23.063402,72.648871,7020000,Vastrapur,1470
13.08294,77.791808,34300000,HSR Layout,3829
28.75756,77.07808,20610000,Noida-Sector 62,2240
23.061105,72.652377,13220000,Maninagar,2257
22.936206,72.558776,13410000,Prahlad Nagar,2562
18.580474,73.916842,25700000,Hinjawadi,2530
18.480072,73.879646,7460000,Baner,1021
22.539501,88.385328,19880000,Tollygunge,2266
17.42683,78.481809,9650000,Jubilee Hills,1293
18.556899,73.842009,18230000,Baner,1887
18.625197,73.915834,18340000,Viman Nagar,1987
12.817068,77.562174,26330000,Sarjapur Road,2260
13.053745,77.499542,31590000,Koramangala,3809
18.509749,73.779166,14310000,Kothrud,1756
18.591337,73.782553,11510000,Baner,1399
28.644934,77.424233,16990000,Ghaziabad-Indirapuram,1629
12.859389,77.56524,9610000,Indiranagar,1032
18.608284,73.819306,25060000,Hinjawadi,2798
13.127903,80.266644,13410000,Adyar,1665
18.985258,72.930934,48970000,Goregaon East,2679
17.533665,78.43223,25490000,Madhapur,2673
17.342068,78.366791,11630000,Kukatpally,1576
22.91379,72.593038,6880000,Prahlad Nagar,1559
18.635107,73.944589,13020000,Baner,1756
17.475429,78.419124,12190000,Jubilee Hills,1511
22.560105,88.41321,12840000,Rajarhat,1875
13.030447,80.221599,28260000,Sholinganallur,2996
13.164004,80.160482,16660000,Porur,1445
17.373976,78.550163,13880000,Jubilee Hills,1845
23.110865,72.541035,3650000,Satellite,816
18.501992,73.839458,16860000,Hinjawadi,1631
12.823473,77.613554,22810000,Electronic City,2339
28.56219,77.383647,12040000,Ghaziabad-Indirapuram,1206
28.556563,77.143459,38030000,Ghaziabad-Indirapuram,3839
22.645248,88.419512,5070000,Salt Lake,654
22.980117,72.430017,7020000,Prahlad Nagar,1622
12.976642,80.287625,14540000,Porur,1667
22.520767,88.301284,11320000,Jadavpur,1609
18.61189,73.80332,21210000,Baner,2631
13.164101,80.165079,15800000,Sholinganallur,1663
22.908294,72.483245,17040000,Satellite,3148
22.982558,72.563859,7660000,Vastrapur,1407
22.451434,88.495317,14520000,Rajarhat,1708
12.840688,77.461911,8430000,Sarjapur Road,913
28.551819,77.090657,20220000,Ghaziabad-Indirapuram,1929
28.34793,77.23239,15990000,Noida-Sector 76,1999
17.345475,78.37222,6500000,Manikonda,815
22.908632,72.474012,8830000,Bopal,1830
18.457051,73.771783,20110000,Hinjawadi,2376
12.936672,77.686099,55800000,Electronic City,5614
13.023869,80.251979,14890000,Porur,1624
12.99484,77.56877,19480000,Koramangala,2392
22.481473,88.366635,21350000,Jadavpur,3101
18.525919,73.770308,25940000,Kharadi,2973
13.080464,77.456229,17480000,Koramangala,1401
18.646219,73.758471,10410000,Kharadi,1185
28.449765,77.33718,12850000,Noida-Sector 76,1401
12.971359,80.224197,27590000,Sholinganallur,2532
12.954652,80.223641,9070000,Adyar,925
13.096836,77.566051,28760000,HSR Layout,2765
22.976513,72.673031,10160000,Satellite,1805
12.875469,77.518127,25590000,Hebbal,2341
18.594583,73.815369,13520000,Viman Nagar,1654
13.001684,77.739551,11380000,Marathahalli,1158
18.605428,73.923551,12060000,Viman Nagar,1541
22.454169,88.415937,11980000,Rajarhat,1715
12.982279,77.544777,27920000,Banashankari,3243
17.356924,78.337363,22010000,Kukatpally,2534
22.90857,72.43901,8280000,Prahlad Nagar,1712
22.470067,88.388056,13020000,Behala,1688
23.098612,72.510035,6750000,Bopal,1116
22.486342,88.440216,12100000,Jadavpur,1366
13.162307,80.303555,21790000,Adyar,2328
13.196918,80.223059,17040000,Velachery,1909
18.496446,73.767582,64400000,Baner,4628
12.956442,80.332647,36970000,OMR,3695
19.293587,72.898075,6600000,Goregaon East,526
23.004662,72.526644,19000000,Thaltej,3470
18.485376,73.855634,5690000,Viman Nagar,740
17.32364,78.585084,12660000,Manikonda,1755
19.120261,72.933398,49050000,Navi Mumbai-Kharghar,2790
23.13506,72.612296,7620000,Maninagar,1566
18.51025,73.874563,9710000,Hinjawadi,1116
18.537099,73.884401,13660000,Kharadi,1602
28.7514,77.411444,14280000,Noida-Sector 76,1469
12.900149,80.211026,15410000,Porur,1437
13.035034,80.195512,16250000,OMR,1769
12.939164,77.453197,34430000,Banashankari,2696
19.247073,72.778255,59410000,Goregaon East,3483
13.083772,80.168332,12630000,Adyar,1858
19.267171,72.759382,28010000,Vile Parle,1690
13.139617,77.750464,24330000,Whitefield,2125
19.170084,72.92036,24610000,Goregaon East,1652
12.924891,80.348148,6300000,Velachery,661
12.927263,80.319129,20780000,T Nagar,1921
22.901954,72.659525,7780000,Maninagar,1734
22.904759,72.699301,8880000,Bopal,1897
22.977272,72.60343,3530000,Prahlad Nagar,681
18.914906,72.822043,35210000,Navi Mumbai-Kharghar,2494
18.470831,73.805867,21620000,Wakad,2499
18.466515,73.921239,5570000,Kharadi,632
19.074263,72.766572,30070000,Powai,1775
13.088366,80.341595,16190000,Porur,1693
13.195742,80.212658,25700000,Velachery,3214
23.144194,72.6242,13100000,Satellite,2477
12.994689,77.501446,41970000,Yelahanka,3967
18.591225,73.831301,10120000,Baner,1226
13.004517,77.757939,16510000,Hebbal,1851
12.915097,80.302971,20810000,Anna Nagar,2342
13.172452,80.311429,12070000,Adyar,1458
22.927016,72.546973,19190000,Vastrapur,3403
12.932737,80.155432,15790000,Anna Nagar,1856
19.159678,72.918485,31130000,Navi Mumbai-Kharghar,2242
18.63308,73.847558,19030000,Kharadi,2714
22.519284,88.459707,37250000,Rajarhat,5537
18.942374,72.754795,8130000,Andheri West,646
12.972129,80.1617,38970000,Porur,3353
12.968346,80.314197,5520000,OMR,723
28.57101,77.041521,15580000,Gurugram-DLF Phase 3,1648
22.531545,88.337749,29160000,Rajarhat,3446
23.111601,72.472327,8610000,Maninagar,1464
18.574322,73.88008,20110000,Wakad,1979
17.328698,78.490208,12120000,Banjara Hills,1547
22.647606,88.355189,11820000,New Town,1588
19.145506,72.936494,74220000,Powai,4758
12.923247,77.649816,21500000,Whitefield,2411
17.335634,78.33858,12610000,Kondapur,1608
18.574802,73.765428,9090000,Viman Nagar,1141
22.614115,88.360627,23840000,Jadavpur,2503
19.296336,72.856129,24020000,Vile Parle,1503
28.320515,77.436775,24720000,Ghaziabad-Indirapuram,2533
19.186646,72.788233,48440000,Navi Mumbai-Kharghar,2172
28.476674,77.301159,42640000,Dwarka,4570
22.641393,88.4574,18030000,Tollygunge,2798
13.122682,77.511596,18830000,HSR Layout,1820
23.078477,72.560278,7350000,Satellite,1484
28.485049,77.286398,16160000,Noida-Sector 62,1775
13.148623,77.518831,26450000,Sarjapur Road,3468
18.464269,73.898142,15020000,Wakad,1786
12.993616,77.52672,7550000,Electronic City,784
22.595678,88.496487,6280000,Behala,694
22.936421,72.49835,12240000,Thaltej,1972
12.987084,80.189507,36790000,T Nagar,3640
18.546283,73.917166,26790000,Hinjawadi,2626
13.038185,77.46953,15570000,Indiranagar,1878
13.072763,80.174679,7430000,Sholinganallur,1011
12.913464,80.2131,5800000,T Nagar,701
22.472837,88.342127,5470000,Salt Lake,767
18.596881,73.910874,29120000,Viman Nagar,3566
22.636528,88.392053,18180000,Rajarhat,2553
28.372296,76.999956,9130000,Faridabad-Sector 21,1090
17.535297,78.594835,14340000,Banjara Hills,1687
12.967484,80.339564,15080000,OMR,1856
22.955489,72.677581,12840000,Prahlad Nagar,2584
12.80263,77.55266,12650000,Hebbal,1257
17.51172,78.501909,27340000,Gachibowli,3125
18.595045,73.882499,26650000,Kharadi,3050
17.491237,78.333142,15080000,Banjara Hills,1752
12.955016,77.792575,30820000,Hebbal,3442
28.505115,77.378422,14600000,Gurugram-DLF Phase 3,1700
12.855376,77.757761,11990000,Hebbal,1475
12.843593,77.563304,15760000,HSR Layout,1721
17.397945,78.56252,12470000,Banjara Hills,1524
18.49096,73.863297,14330000,Wakad,1810
12.967897,80.157152,13240000,Porur,1625
12.903254,80.202687,11990000,Velachery,1468
23.104908,72.693812,14590000,Prahlad Nagar,2087
28.76661,77.426057,17160000,Ghaziabad-Indirapuram,1612
13.064478,77.502045,7880000,Hebbal,1056
12.982343,80.296049,4180000,Sholinganallur,538
28.664862,77.118751,19800000,Ghaziabad-Indirapuram,2239
18.481527,73.811538,11270000,Kharadi,1476
18.5698,73.835432,14420000,Kharadi,1178
23.143611,72.581847,10620000,Bodakdev,2127
28.750856,77.285725,47850000,Gurugram-Sector 56,4994
17.464644,78.544853,19780000,Manikonda,2393
13.182822,80.291115,25330000,Anna Nagar,2742
18.614892,73.78477,19280000,Aundh,2321
22.628467,88.470919,9950000,Behala,1182
22.648015,88.394582,36240000,Rajarhat,5530
22.957156,72.680057,3390000,Prahlad Nagar,708
18.611322,73.807399,6330000,Kharadi,754
19.119012,72.810112,59090000,Mulund,2769
28.731327,77.481984,13400000,Ghaziabad-Indirapuram,1648
19.173485,72.915235,14480000,Powai,1054
18.570628,73.824006,9340000,Hinjawadi,1253
19.157722,72.861335,22770000,Mulund,1520
18.531532,73.889957,9360000,Kharadi,1172
17.353199,78.498759,25700000,Gachibowli,3914
19.101304,72.909842,38300000,Vile Parle,2266
18.465486,73.947285,23280000,Aundh,2384
28.574333,77.410748,15250000,Noida-Sector 76,1659
12.858538,77.713528,17290000,Electronic City,1721
18.555324,73.8445,31310000,Aundh,2461
12.84901,77.502625,17620000,Whitefield,2178
17.364388,78.369251,27230000,Kukatpally,3070
22.919211,72.661977,3150000,Bopal,729
18.455112,73.874008,13020000,Baner,1402
28.471195,76.980671,13590000,Dwarka,1473
18.606339,73.81564,16200000,Kharadi,1862
28.583041,77.064631,22150000,Gurugram-Sector 56,2150
19.277627,72.753869,25110000,Andheri West,1602
22.621166,88.491616,23710000,Jadavpur,2603
23.112242,72.580943,21610000,Bopal,3458
28.510121,77.067324,12820000,Gurugram-DLF Phase 3,1502
28.455013,77.108191,8340000,Gurugram-DLF Phase 3,1017
23.140688,72.541595,10940000,Satellite,2260
13.134206,80.270219,18950000,Porur,2191
19.119257,72.832627,20630000,Vile Parle,1316
19.041034,72.823741,24820000,Bandra West,1425
12.927699,80.311923,23040000,Anna Nagar,2506
19.015782,72.902095,43610000,Vile Parle,2711
17.434809,78.424141,28960000,Gachibowli,3529
28.566707,77.357116,9460000,Ghaziabad-Indirapuram,1088
28.616562,77.468006,23480000,Noida-Sector 76,2559
13.184664,80.15286,44450000,OMR,3823
18.634591,73.873882,10860000,Kothrud,1372
12.851917,77.782481,20440000,Whitefield,2289
17.387553,78.347929,9530000,Kukatpally,1219
13.062976,77.792769,11900000,Koramangala,1457
19.193245,72.750316,37980000,Powai,2743
19.193279,72.798516,34290000,Mulund,2192
17.407077,78.561777,4780000,Banjara Hills,753
18.47759,73.849701,28060000,Aundh,2574
13.106328,80.189314,14360000,Anna Nagar,1494
23.101015,72.511225,7670000,Maninagar,1498
17.543693,78.57171,26840000,Kukatpally,3323
28.598471,77.045627,12640000,Gurugram-Sector 56,1281
17.491404,78.570476,5280000,Banjara Hills,740
12.901592,80.285293,38590000,Velachery,5507
28.603571,77.458626,24780000,Ghaziabad-Indirapuram,2571
13.147473,80.307091,20990000,Porur,2275
22.552927,88.469667,7720000,Salt Lake,1056
18.571704,73.885205,16440000,Viman Nagar,2002
13.079837,80.227269,33370000,T Nagar,3191
17.507433,78.345368,14730000,Kukatpally,2254
17.425837,78.530608,27900000,Manikonda,3142
13.121831,77.746535,10410000,Electronic City,1307
23.05035,72.642192,14530000,Satellite,2432
17.268289,78.507863,14150000,Jubilee Hills,1735
23.080574,72.479601,7320000,Bopal,1487
17.476658,78.384752,16140000,Manikonda,2283
22.515655,88.31012,13330000,Jadavpur,1686
28.713035,77.290809,9870000,Dwarka,1017
18.925368,72.91221,21090000,Thane West,1433
19.28259,72.905835,32680000,Andheri West,1609
19.217186,72.940146,23850000,Goregaon East,1400
28.759687,77.455955,18730000,Ghaziabad-Indirapuram,2282
12.925459,77.669594,23800000,HSR Layout,2931
22.936873,72.647676,13130000,Maninagar,2508
13.043973,80.310276,9250000,T Nagar,1169
28.572562,77.093274,18260000,Noida-Sector 62,2232
17.526453,78.582409,17680000,Kukatpally,2123
28.701776,77.491243,18210000,Ghaziabad-Indirapuram,2119
17.330049,78.374079,5480000,Kondapur,797
13.051536,77.778562,27150000,Marathahalli,2282
18.593283,73.834312,12690000,Viman Nagar,1389
23.111606,72.599368,12530000,Satellite,2608
28.685613,77.091264,21290000,Gurugram-DLF Phase 3,2124
17.427325,78.43719,9090000,Banjara Hills,1304
18.553383,73.814363,11380000,Viman Nagar,1571
23.120461,72.436454,2960000,Vastrapur,675
12.921159,80.261716,28300000,Velachery,3573
19.258858,72.900526,26920000,Andheri West,1865
12.891579,77.745353,16720000,Yelahanka,1613
12.981297,80.161425,11670000,OMR,1229
19.037625,72.884953,37520000,Mulund,2093
22.911492,72.409418,8320000,Bopal,1652
28.3688,77.430501,4210000,Gurugram-Sector 56,505
28.722709,77.097833,28840000,Noida-Sector 76,2935
12.951188,80.298657,25130000,Velachery,2453
18.596341,73.784013,17280000,Aundh,1926
28.364118,77.431025,24750000,Gurugram-DLF Phase 3,3101
22.488321,88.433324,18210000,Jadavpur,2664
12.977609,77.504945,12870000,HSR Layout,1227
19.085199,72.828635,25180000,Navi Mumbai-Kharghar,1603
19.184153,72.932017,16620000,Thane West,931
19.087761,72.821763,17430000,Andheri West,1135
18.643472,73.870183,10070000,Wakad,1089
19.136175,72.936695,33060000,Andheri West,2068
22.97755,72.484332,3160000,Prahlad Nagar,681
22.993253,72.491434,7310000,Satellite,1531
18.50851,73.872796,14250000,Wakad,1753
13.121165,77.552541,22390000,Indiranagar,2820
18.550191,73.897013,13680000,Kharadi,1725
18.586135,73.894841,17830000,Kharadi,2312
22.919084,72.551718,15080000,Bopal,2951
13.052863,77.53479,20740000,Sarjapur Road,2462
18.572726,73.895641,41490000,Wakad,4014
19.075168,72.945595,26440000,Vile Parle,1549
13.133483,77.675277,15900000,Hebbal,1874
19.144904,72.890255,14820000,Bandra West,849
22.576207,88.436555,3780000,Behala,618
18.647027,73.883929,8270000,Aundh,869
17.476594,78.584049,10450000,Madhapur,1139
22.589926,88.437768,3930000,Salt Lake,606
18.984714,72.921715,37300000,Mulund,2518
18.473125,73.893744,23860000,Aundh,2460
22.633709,88.37137,7380000,New Town,940
13.155016,80.349818,35070000,Adyar,3210
28.347831,77.34367,10900000,Gurugram-DLF Phase 3,1274
19.102583,72.871165,20530000,Powai,1323
12.929954,77.54568,11290000,Electronic City,1367
19.156933,72.88621,72760000,Bandra West,4621
28.5123,77.445882,12680000,Ghaziabad-Indirapuram,1554
19.01286,72.813181,45360000,Navi Mumbai-Kharghar,2221
12.966232,80.229695,15260000,Porur,1827
17.378933,78.494541,13850000,Kondapur,1753
28.542547,77.112771,17490000,Faridabad-Sector 21,1798
23.099153,72.65213,9960000,Prahlad Nagar,2171
22.485527,88.440108,4070000,Tollygunge,596
12.916199,80.347606,12770000,Adyar,1490
13.150513,80.17216,42140000,Adyar,4334
28.572002,77.308639,6150000,Noida-Sector 76,681
18.505219,73.900617,22200000,Kharadi,2073
18.590664,73.931817,32420000,Wakad,3504
28.344115,77.179072,19010000,Ghaziabad-Indirapuram,2335
18.527203,73.763067,4070000,Kothrud,570
23.097134,72.5984,3160000,Vastrapur,694
19.17014,72.860306,19520000,Vile Parle,1217
22.507067,88.410089,16380000,Behala,2319
19.032583,72.887273,24780000,Goregaon East,1699
13.101212,80.310846,6340000,T Nagar,809
28.65436,77.128099,22330000,Faridabad-Sector 21,2230
13.087166,80.170996,5470000,Sholinganallur,644
28.422728,77.47681,35780000,Noida-Sector 62,3627
12.86268,77.553648,20970000,Sarjapur Road,2255
19.280536,72.796248,21450000,Goregaon East,1599
18.634904,73.810133,16380000,Baner,2317
22.512741,88.413659,13660000,Salt Lake,1596
22.921076,72.527203,3120000,Bopal,675
22.540352,88.446269,12140000,Tollygunge,1608
19.292309,72.882505,54140000,Navi Mumbai-Kharghar,2848
28.643992,77.390086,20810000,Noida-Sector 76,2377
19.017863,72.888759,39140000,Thane West,2248
22.510826,88.400972,20660000,New Town,2637
18.460746,73.909086,14490000,Wakad,1706
18.49575,73.824044,53930000,Aundh,5429
22.644744,88.357335,12080000,Tollygunge,1687
22.971735,72.402571,12940000,Prahlad Nagar,2701
22.593562,88.476623,14250000,Behala,2017
23.10728,72.497344,2240000,Maninagar,470
22.905063,72.639819,17740000,Prahlad Nagar,3298
18.578881,73.786184,19540000,Wakad,2134
13.050406,80.332753,8180000,T Nagar,915
23.013609,72.580252,12110000,Vastrapur,2540
18.994406,72.832541,17080000,Bandra West,1197
13.018931,77.702967,23630000,Whitefield,2455
18.563183,73.824491,21350000,Kharadi,2352
23.112676,72.552444,16730000,Vastrapur,3521
22.555058,88.462792,14800000,New Town,1472
12.860474,77.578625,22190000,Electronic City,1873
22.541357,88.398836,12850000,New Town,1921
18.989335,72.853641,24310000,Vile Parle,1708
19.015036,72.778589,34880000,Powai,2489
28.450863,77.079823,22790000,Gurugram-DLF Phase 3,2731
22.542383,88.391564,13460000,Salt Lake,2033
13.031276,77.77903,42340000,Sarjapur Road,3704
17.433628,78.521477,15180000,Banjara Hills,1600
17.4203,78.304072,12150000,Banjara Hills,1440
19.183536,72.850912,18030000,Vile Parle,1199
22.518706,88.431564,8180000,Jadavpur,1061
12.810457,77.765651,11170000,Banashankari,1588
18.944425,72.787838,24990000,Thane West,1734
28.659055,77.191919,20090000,Gurugram-Sector 56,2152
13.199993,80.171844,16220000,Porur,1874
22.513801,88.455848,2910000,Salt Lake,435
18.581258,73.924008,18230000,Wakad,2171
22.566842,88.456592,19420000,Behala,2255
18.919081,72.811829,6710000,Goregaon East,526
28.593834,76.919072,20220000,Gurugram-DLF Phase 3,2307
13.193538,80.258226,16110000,Sholinganallur,1736
19.185772,72.94961,9550000,Mulund,626
13.031279,80.193639,16340000,Anna Nagar,1988
28.352945,77.167943,11640000,Gurugram-DLF Phase 3,1434
13.109564,77.785704,44720000,Hebbal,3524
12.97071,80.249457,19630000,Adyar,2456
13.164844,80.172666,14750000,Adyar,1700
22.581759,88.371579,15880000,Behala,2451
22.920329,72.589297,6580000,Satellite,1057
22.6482,88.452595,15200000,Salt Lake,1849
17.39325,78.305451,16420000,Jubilee Hills,1705
13.00578,77.797412,40460000,Yelahanka,3539
22.553417,88.376367,7240000,Behala,1071
18.617537,73.753359,19720000,Baner,1965
18.635497,73.751731,39970000,Kothrud,3776
22.497005,88.422594,7130000,Salt Lake,998
22.622341,88.35288,15290000,Behala,1843
12.946337,77.552574,3440000,Yelahanka,434
22.921095,72.597823,7300000,Thaltej,1498
12.912987,80.302366,16790000,Porur,1811
18.915547,72.886034,5650000,Mulund,439
23.075117,72.47826,9800000,Satellite,1980
28.488273,77.2052,7210000,Gurugram-DLF Phase 3,740
12.996005,80.198591,17450000,Sholinganallur,2146
12.880529,77.622156,14830000,HSR Layout,1739
28.52909,77.305272,14450000,Gurugram-DLF Phase 3,1669
13.154844,80.184237,15760000,OMR,1697
18.461494,73.913416,18130000,Viman Nagar,2168
28.604593,77.252433,6380000,Ghaziabad-Indirapuram,722
12.969329,80.180312,9850000,T Nagar,954
13.121587,77.757361,13420000,Sarjapur Road,1600
13.141349,77.788327,23790000,Koramangala,2926
13.101296,77.59372,35190000,Koramangala,3851
12.939495,80.201028,15700000,Anna Nagar,1814
18.929726,72.781932,38230000,Navi Mumbai-Kharghar,2260
22.569471,88.344672,19950000,Behala,2485
12.973908,80.321297,13160000,OMR,1692
22.616198,88.423356,9520000,Jadavpur,1349
17.341987,78.38579,11480000,Banjara Hills,1577
18.551335,73.852555,10280000,Hinjawadi,1083
22.518103,88.489732,11410000,New Town,1340
19.248049,72.760884,62680000,Bandra West,3720
22.631069,88.425965,19550000,New Town,2758
22.970106,72.49849,7130000,Prahlad Nagar,1567
22.572697,88.489072,15060000,New Town,1785
13.051512,80.194153,22350000,T Nagar,2716
22.591471,88.412438,13260000,Rajarhat,2116
18.453685,73.934037,14590000,Aundh,1422
12.906062,80.24742,13800000,OMR,1575
17.430079,78.524719,10470000,Banjara Hills,1429
12.806322,77.455336,16190000,Indiranagar,1699
18.599762,73.908934,32360000,Kothrud,2876
12.968669,77.701155,45730000,Banashankari,5311
13.04646,80.265735,17140000,OMR,2127
12.827397,77.454565,30330000,Whitefield,3233
18.620923,73.82424,13910000,Baner,1428
18.640949,73.920209,11860000,Aundh,1604
13.137263,80.263183,16900000,Porur,1865
28.679236,77.192547,7990000,Gurugram-DLF Phase 3,945
22.606936,88.358022,5440000,Rajarhat,783
28.752214,77.137817,19770000,Dwarka,2111
13.026839,80.258927,14920000,Sholinganallur,1570
22.568529,88.491674,13090000,Behala,1605
18.959497,72.92362,50490000,Goregaon East,2907
13.092328,77.724739,31050000,Sarjapur Road,2813
18.923184,72.784493,49710000,Andheri West,2391
28.56403,77.143694,31600000,Gurugram-Sector 56,2657
19.082373,72.82967,14310000,Vile Parle,865
22.933048,72.475823,2380000,Maninagar,564
23.099363,72.422362,20740000,Maninagar,3301
22.466221,88.35666,3930000,Jadavpur,576
28.592755,77.040782,29950000,Faridabad-Sector 21,3288
18.48333,73.876335,30270000,Wakad,2862
22.975643,72.626542,4170000,Satellite,929
22.53684,88.31216,4680000,Behala,672
17.273349,78.485398,9080000,Madhapur,1064
28.765392,77.301655,7510000,Noida-Sector 62,1026
19.285938,72.876257,59410000,Vile Parle,3419
28.47303,77.390493,44350000,Noida-Sector 62,4499
17.279609,78.585413,7360000,Manikonda,1065
19.006775,72.843914,36010000,Mulund,2385
17.434488,78.56532,22400000,Manikonda,2510
22.938012,72.551975,8000000,Vastrapur,1379
18.918405,72.866083,12070000,Goregaon East,846
13.049491,80.243846,7580000,Anna Nagar,883
18.974742,72.857809,25210000,Powai,2107
18.479687,73.779739,31980000,Aundh,3138
13.177415,80.277712,8850000,Adyar,1148
18.493752,73.929915,16470000,Kothrud,1651
22.604897,88.372401,11630000,Tollygunge,1501
13.114211,80.243732,15630000,OMR,1751
28.452576,77.43028,11820000,Dwarka,1547
13.009201,77.501935,19750000,Marathahalli,2095
17.444465,78.31331,11220000,Kondapur,1535
12.879334,77.573799,20080000,Hebbal,2050
13.093582,80.280467,28120000,Velachery,2734
17.404128,78.300308,5640000,Madhapur,742
28.634574,77.196452,12360000,Ghaziabad-Indirapuram,1553
19.25462,72.852506,10840000,Bandra West,631
28.577011,77.367178,9080000,Faridabad-Sector 21,1078
19.224106,72.806072,19750000,Bandra West,1354
17.463963,78.433827,10060000,Gachibowli,1155
28.653848,77.427938,8200000,Noida-Sector 62,881
17.499131,78.504508,21390000,Manikonda,2382
19.11232,72.785664,34760000,Powai,2007
18.605434,73.796367,57390000,Wakad,5449
17.336639,78.532815,15710000,Kukatpally,2109
22.51349,88.487007,22800000,Salt Lake,2843
22.615423,88.480805,15810000,Rajarhat,1870
12.957,80.270597,36610000,Sholinganallur,3091
13.077548,80.268672,21660000,Adyar,2161
28.684029,77.335899,7800000,Ghaziabad-Indirapuram,830
23.017046,72.512109,6210000,Bodakdev,1357
13.087833,77.532381,22840000,Indiranagar,2269
17.308562,78.59067,25550000,Kondapur,3065
13.036409,77.538383,21580000,Hebbal,2429
19.20248,72.88968,6840000,Thane West,469
19.217898,72.896964,65010000,Powai,4002
28.513448,76.91319,44110000,Dwarka,3459
12.933749,80.319321,7050000,T Nagar,845
12.85827,77.572826,8840000,Banashankari,1074
22.587638,88.340193,23470000,Jadavpur,3014
18.557228,73.937664,25860000,Viman Nagar,2347
22.952817,72.417813,22920000,Maninagar,3339
17.480928,78.30282,11200000,Kondapur,1477
12.907596,80.187761,11480000,Adyar,1080
22.589147,88.438692,18830000,Tollygunge,2459
22.993386,72.416458,2450000,Thaltej,543
12.837983,77.652896,26250000,HSR Layout,3233
28.60685,77.169149,4140000,Gurugram-Sector 56,467
12.871187,77.751215,19530000,Indiranagar,2252
22.621659,88.412209,5830000,Rajarhat,862
18.916927,72.789191,104110000,Goregaon East,6555
17.4556,78.398696,38740000,Kukatpally,4701
22.573349,88.344303,6400000,Salt Lake,856
22.468133,88.306902,8720000,Salt Lake,1277
17.414261,78.493741,5080000,Banjara Hills,745
13.152705,80.339993,11290000,Velachery,1304
13.09161,80.190138,26950000,Anna Nagar,3551
12.824239,77.654673,14730000,Indiranagar,1658
19.113483,72.926569,18530000,Navi Mumbai-Kharghar,1114
18.614749,73.818402,38360000,Aundh,3728
22.947855,72.658557,12220000,Bodakdev,2563
19.187172,72.902371,32760000,Vile Parle,1948
12.886427,77.755478,23780000,Whitefield,2395
18.975105,72.918114,35070000,Thane West,2336
18.52471,73.913002,11600000,Kharadi,1347
22.907507,72.410749,9270000,Vastrapur,2106
13.068225,80.191493,21240000,T Nagar,2610
22.569023,88.449793,14100000,Rajarhat,1644
28.740162,77.282939,15240000,Gurugram-Sector 56,1758
18.468409,73.774209,13860000,Hinjawadi,1702
22.649612,88.340043,6610000,Tollygunge,1047
22.602808,88.338106,65100000,Rajarhat,6019
28.78814,77.204561,10170000,Gurugram-DLF Phase 3,940
23.06882,72.696957,8810000,Maninagar,1413
22.479562,88.490251,17200000,Jadavpur,2554
28.782025,77.415835,22770000,Dwarka,2432
12.892288,77.729333,12550000,Marathahalli,1624
17.537923,78.414648,25380000,Madhapur,2348
12.86632,77.760455,18580000,Electronic City,2290
17.358834,78.515906,23000000,Kukatpally,2667
28.652313,77.035177,12140000,Noida-Sector 76,1208
23.133127,72.621118,6390000,Bopal,1178
12.978543,80.304931,5980000,T Nagar,676
12.866847,77.550039,12020000,Electronic City,1379
18.526152,73.811836,8580000,Aundh,1069
23.128217,72.526042,7620000,Thaltej,1505
23.048173,72.592112,10980000,Maninagar,2231
17.292814,78.353895,15090000,Jubilee Hills,1829
13.030246,77.650529,16770000,Electronic City,1889
22.946445,72.417066,9750000,Satellite,1847
12.980903,80.234911,9850000,Porur,1121
28.394773,77.430261,4360000,Ghaziabad-Indirapuram,588
12.999481,80.164533,31150000,Sholinganallur,2608
12.894506,77.583764,8410000,Sarjapur Road,972
22.523214,88.444596,2990000,Tollygunge,450
18.618838,73.863413,4020000,Viman Nagar,479
22.955574,72.57246,6650000,Maninagar,1335
23.09253,72.602729,10340000,Prahlad Nagar,1973
18.528371,73.940926,34500000,Kharadi,3587
23.083192,72.490624,4710000,Satellite,895
23.144054,72.440028,10090000,Bopal,1897
19.039528,72.791989,45830000,Thane West,2997
28.401365,76.962014,39150000,Faridabad-Sector 21,3596
13.114597,77.551689,32610000,Marathahalli,2846
22.527007,88.301229,21700000,New Town,2538
23.009775,72.478673,12610000,Vastrapur,2752
19.20456,72.920005,28590000,Navi Mumbai-Kharghar,1900
17.463979,78.325745,16040000,Kukatpally,1948
12.989039,77.594247,6210000,Indiranagar,720
17.263728,78.38876,12380000,Jubilee Hills,1661
22.645222,88.39444,5710000,Salt Lake,765
28.351269,77.134925,16620000,Noida-Sector 76,1743
22.928206,72.413932,11330000,Prahlad Nagar,1837
17.385384,78.551667,11180000,Gachibowli,1627
12.951486,77.610021,8510000,Banashankari,1107
13.064702,77.471747,18010000,Whitefield,2044
13.054814,80.264558,20550000,Anna Nagar,2927
13.009948,77.622798,16390000,Banashankari,1763
22.583819,88.348862,10080000,Rajarhat,1377
28.31167,77.272086,25960000,Gurugram-Sector 56,2562
22.502665,88.452552,19750000,Jadavpur,2137
17.478119,78.504105,16330000,Kondapur,2032
28.423117,77.360606,17410000,Ghaziabad-Indirapuram,1384
23.112555,72.471997,8810000,Satellite,1648
13.058627,80.347399,30390000,Adyar,3703
17.412739,78.474767,14010000,Banjara Hills,1929
19.101738,72.829905,58000000,Andheri West,2401
12.992259,77.483241,12160000,Hebbal,1526
22.612927,88.45979,15500000,Jadavpur,1848
12.912556,80.290955,14200000,Adyar,1714
22.9218,72.699605,9420000,Bodakdev,1746
22.987828,72.404667,10240000,Prahlad Nagar,2282
12.855293,77.538601,16140000,Sarjapur Road,1925
13.146948,77.493001,26380000,Banashankari,3328
18.530831,73.840549,13600000,Hinjawadi,1570
19.290807,72.755701,38080000,Powai,2366
22.906336,72.487503,3410000,Vastrapur,715
19.118546,72.841955,10350000,Vile Parle,658
28.31413,77.448258,27420000,Dwarka,2423
18.565768,73.750194,9530000,Kharadi,1235
19.261832,72.915693,25250000,Powai,1666
13.119568,80.19279,44390000,Porur,5462
13.144109,80.252903,6140000,OMR,809
17.53572,78.486833,32390000,Kondapur,3142
17.417679,78.341103,18130000,Kukatpally,2190
28.35863,77.308352,32610000,Noida-Sector 62,3027
22.613675,88.328912,11190000,Tollygunge,1532
28.702876,77.188765,12880000,Ghaziabad-Indirapuram,1339
22.915097,72.426463,3160000,Maninagar,711
22.636726,88.35219,14290000,Salt Lake,1698
12.949447,80.205409,19130000,Porur,2383
18.636984,73.816325,18260000,Kothrud,1772
13.052403,80.324788,38390000,T Nagar,3870
17.491887,78.453997,14280000,Madhapur,1668
22.603955,88.3591,11530000,Jadavpur,1781
12.948946,77.747322,6840000,Hebbal,818
18.553541,73.796714,49440000,Aundh,4176
18.583048,73.76207,7650000,Aundh,928
17.403464,78.476362,12660000,Madhapur,1605
19.153363,72.894752,29690000,Navi Mumbai-Kharghar,2250
23.135819,72.695355,10110000,Satellite,1776
18.470727,73.75291,7460000,Kharadi,838
22.942372,72.589843,11900000,Satellite,2496
17.354164,78.495504,25930000,Kukatpally,3073
28.370801,77.231779,18940000,Dwarka,2308
12.953383,80.326158,26950000,Adyar,2980
28.570364,77.362904,5380000,Gurugram-DLF Phase 3,666
23.005356,72.497313,10120000,Bodakdev,1797
22.468104,88.30186,14090000,Jadavpur,1912
28.361498,76.927314,15310000,Ghaziabad-Indirapuram,1645
13.111143,80.311079,16610000,Anna Nagar,1548
18.986682,72.880466,23270000,Navi Mumbai-Kharghar,1407
22.912045,72.681411,28080000,Thaltej,4465
17.327707,78.509858,29560000,Gachibowli,2638
28.714942,77.280056,14350000,Noida-Sector 76,1784
12.977824,80.2982,4670000,T Nagar,600
18.541089,73.945498,9000000,Wakad,1048
23.048098,72.619717,10880000,Maninagar,1874
12.835365,77.577138,8750000,Marathahalli,837
19.013721,72.866701,31510000,Powai,1380
19.205015,72.914149,15010000,Mulund,916
17.436469,78.52081,5930000,Madhapur,786
19.081058,72.841844,23420000,Bandra West,1469
28.52646,77.486516,24650000,Gurugram-Sector 56,1971
28.317792,77.370573,12660000,Noida-Sector 76,1588
12.994629,80.172898,17100000,Porur,1714
13.016926,80.178672,14920000,T Nagar,1794
17.443148,78.518376,7340000,Gachibowli,1091
23.055998,72.464948,2000000,Bopal,436
28.474616,77.044204,25730000,Noida-Sector 76,2432
22.953846,72.462626,19410000,Vastrapur,3630
28.46964,77.015825,16730000,Dwarka,1933
13.018944,80.275716,19420000,Velachery,2159
17.477775,78.533242,15710000,Gachibowli,1932
23.074039,72.485261,19110000,Satellite,4042
12.9298,77.776838,36840000,Sarjapur Road,3397
13.067311,77.658432,20810000,Koramangala,2679
13.093252,80.281455,5570000,OMR,689
18.634461,73.809868,11580000,Kharadi,1351
28.484835,77.48987,63870000,Noida-Sector 76,4238
18.530118,73.78261,33200000,Baner,3221
22.543452,88.315054,8800000,Jadavpur,1134
22.904182,72.460104,4240000,Vastrapur,833
18.546088,73.840787,7550000,Viman Nagar,781
13.146615,77.788412,10420000,Marathahalli,1172
13.176111,80.266676,20940000,Porur,2586
13.102685,77.587158,12590000,Whitefield,1705
13.020344,77.725894,17650000,Marathahalli,1608
18.97532,72.946934,8700000,Bandra West,573
13.028099,77.739536,6350000,Banashankari,770
22.938256,72.568468,14650000,Satellite,2730
13.014047,80.327432,12290000,Porur,1644
28.751645,77.44107,20330000,Gurugram-DLF Phase 3,1953
18.547388,73.868974,8590000,Kothrud,1101
12.994318,80.200171,32560000,Velachery,3406
13.088731,80.241926,28860000,OMR,2738
23.128247,72.421286,10450000,Bopal,2048
12.931624,77.725306,15850000,Indiranagar,1485
12.915543,80.302962,14740000,T Nagar,1714
13.006708,77.567189,4230000,HSR Layout,509
22.553937,88.323277,4420000,New Town,711
22.549731,88.413674,3900000,Tollygunge,574
23.104843,72.664244,10750000,Prahlad Nagar,2375
13.132071,80.235038,7290000,T Nagar,885
22.451549,88.455226,12720000,Salt Lake,1739
13.096384,80.208981,15460000,Adyar,1766
19.233538,72.833228,93340000,Andheri West,5441
12.859357,77.506648,12410000,Koramangala,1338
28.495456,77.470395,13330000,Gurugram-DLF Phase 3,1349
28.393025,77.403594,12890000,Noida-Sector 62,1307
18.628212,73.776807,20760000,Wakad,2624
12.838404,77.672446,18220000,Banashankari,2416
28.428666,77.06795,13000000,Noida-Sector 76,1352
22.622451,88.384046,9830000,Tollygunge,1139
17.265976,78.358955,9840000,Banjara Hills,1189
19.093516,72.882527,29120000,Andheri West,2032
23.08007,72.585422,14220000,Bodakdev,2400
12.920109,80.251006,24600000,T Nagar,2867
28.333779,77.45738,5880000,Gurugram-DLF Phase 3,740
22.996829,72.538339,5100000,Prahlad Nagar,1127
18.951099,72.840505,18130000,Goregaon East,1229
17.364958,78.49613,12120000,Gachibowli,1497
17.485273,78.441432,16660000,Banjara Hills,2208
22.570495,88.425663,19910000,Tollygunge,2507
13.112869,77.532686,30230000,Sarjapur Road,3116
22.927657,72.445893,4900000,Bodakdev,905
22.982863,72.637104,3430000,Vastrapur,621
17.446387,78.59819,10420000,Kukatpally,1042
22.928076,72.669263,11290000,Prahlad Nagar,2386
18.501495,73.893446,27910000,Aundh,3532
19.229913,72.808672,6820000,Vile Parle,495
22.524879,88.428237,7370000,Rajarhat,1159
13.006743,80.243688,27520000,Sholinganallur,2517
17.268186,78.430356,11330000,Manikonda,1564
23.061753,72.552942,20140000,Prahlad Nagar,3606
17.32272,78.301037,9060000,Gachibowli,1122
13.037246,80.164278,15050000,Velachery,1680
18.986844,72.913034,52210000,Bandra West,2874
22.463007,88.40145,12270000,Jadavpur,1676
23.044965,72.458798,13760000,Maninagar,2456
19.266006,72.757609,26870000,Navi Mumbai-Kharghar,1839
18.496737,73.903668,26330000,Aundh,2847
23.063158,72.45117,9250000,Bopal,1774
17.483002,78.384429,11950000,Madhapur,1413
22.963578,72.586491,12880000,Thaltej,2219
13.133995,80.161722,22990000,Sholinganallur,2629
22.61138,88.398629,30780000,Behala,3545
22.907006,72.467096,6830000,Satellite,1110
22.600766,88.349828,4090000,Salt Lake,662
22.566021,88.30829,12000000,Jadavpur,1628
22.616705,88.39638,22210000,Rajarhat,2839
13.078209,80.193909,23010000,Velachery,2561
22.478737,88.363673,6460000,Jadavpur,713
12.912958,80.221346,25560000,Adyar,2833
12.982792,77.545223,12300000,Hebbal,1422
17.268459,78.30436,3960000,Kukatpally,562
22.632678,88.3222,23410000,Tollygunge,2568
22.925218,72.443523,2740000,Maninagar,628
22.942944,72.439253,9760000,Bodakdev,2153
23.028559,72.50004,6650000,Vastrapur,1225
19.198804,72.788122,17250000,Goregaon East,1187
18.572958,73.837036,15630000,Aundh,1688
19.120501,72.764884,43400000,Goregaon East,2510
22.988222,72.550116,2540000,Bopal,554
18.560801,73.890082,14480000,Hinjawadi,1597
19.267204,72.829519,11520000,Powai,808
12.957393,80.237056,24770000,T Nagar,2644
28.728767,76.923094,14520000,Ghaziabad-Indirapuram,1630
22.579968,88.398828,3660000,New Town,519
17.479398,78.488321,11640000,Banjara Hills,1758
22.587407,88.48849,14820000,Behala,1442
22.632665,88.460855,9150000,Jadavpur,1222
12.880868,77.616438,13940000,HSR Layout,1773
18.949802,72.870997,25410000,Andheri West,1483
23.073695,72.542687,21330000,Vastrapur,3704
12.947778,80.195688,13790000,OMR,1537
18.603764,73.92632,4820000,Kothrud,519
22.916723,72.642978,5710000,Prahlad Nagar,1132
18.531362,73.904665,4800000,Wakad,614
19.180167,72.794351,25400000,Powai,1592
19.246575,72.874438,19910000,Thane West,1351
28.309936,77.389098,13130000,Ghaziabad-Indirapuram,1527
13.047176,80.268081,4820000,Sholinganallur,583
13.112689,77.736448,30540000,Marathahalli,3256
13.130209,80.21903,9090000,T Nagar,1059
18.610188,73.774273,9960000,Wakad,1309
28.5578,77.477831,21860000,Noida-Sector 62,2334
22.57406,88.492716,7270000,New Town,1229
13.05029,80.28367,28250000,Velachery,2836
18.959701,72.860944,23590000,Goregaon East,1577
19.140059,72.764506,29070000,Goregaon East,1879
23.007219,72.664448,6370000,Prahlad Nagar,1336
22.909157,72.549946,9070000,Bodakdev,1617
18.527105,73.89345,17740000,Aundh,2108
17.402001,78.359884,22430000,Madhapur,2450
18.600052,73.90753,18260000,Wakad,2073
18.524643,73.806393,28290000,Viman Nagar,2864
13.178082,80.162714,20970000,OMR,1821
28.682937,77.050383,12500000,Gurugram-Sector 56,1431
13.144545,77.687805,24270000,Koramangala,2598
12.930049,77.564215,10530000,Hebbal,1152
12.875979,77.551187,33200000,Koramangala,2721
19.230257,72.882986,23830000,Goregaon East,1586
18.645019,73.865297,7260000,Wakad,935
17.486845,78.471556,12320000,Gachibowli,1674
18.632945,73.866552,9690000,Baner,1129
23.039926,72.479396,7830000,Vastrapur,1514
22.953417,72.694548,8010000,Bopal,1901
17.465551,78.576564,19390000,Madhapur,2518
13.171796,80.295323,11790000,Porur,1353
22.500881,88.44948,44100000,Behala,5523
17.33607,78.301288,12870000,Kondapur,1972
18.566899,73.924755,10190000,Kothrud,1349
13.078098,77.705279,14230000,Koramangala,1586
19.231816,72.902346,44810000,Navi Mumbai-Kharghar,2843
28.413928,77.322808,11340000,Noida-Sector 62,1153
17.54836,78.431011,3470000,Kondapur,575
28.508334,77.444003,6970000,Gurugram-Sector 56,775
13.140155,80.160749,10060000,OMR,1064
22.913433,72.506698,7730000,Thaltej,1579
17.36532,78.438836,20060000,Gachibowli,2359
12.906052,80.299646,6540000,Anna Nagar,734
23.073511,72.610734,4440000,Prahlad Nagar,1070
28.413335,76.952847,14980000,Faridabad-Sector 21,1787
17.456969,78.559714,13590000,Kukatpally,1672
18.483873,73.863481,22050000,Baner,3184
28.558707,76.968811,27150000,Gurugram-Sector 56,2836
19.050616,72.772107,45740000,Mulund,2865
17.320824,78.343646,4310000,Kukatpally,758
13.137599,77.701315,33740000,Whitefield,2797
19.192117,72.828037,43300000,Thane West,2599
13.104876,77.684388,10660000,Marathahalli,1357
22.45525,88.385972,4700000,Rajarhat,650
28.442478,77.028603,7800000,Noida-Sector 62,695
19.174729,72.775798,21870000,Andheri West,1276
28.315787,77.408275,12930000,Noida-Sector 62,1467
28.407727,76.901044,15130000,Gurugram-DLF Phase 3,1675
17.25964,78.416119,18820000,Manikonda,2381
19.007357,72.837972,24240000,Mulund,1580
19.015428,72.877378,21240000,Goregaon East,1525
28.62661,77.486283,4580000,Noida-Sector 62,527
13.126935,80.309998,11900000,Sholinganallur,1221
22.471753,88.497941,5440000,New Town,674
13.082312,80.153494,8550000,Adyar,1038
23.030559,72.533635,18130000,Vastrapur,3432
12.918414,80.28446,11900000,Anna Nagar,1361
23.025119,72.450208,8400000,Bopal,1697
12.96297,77.728527,35380000,Sarjapur Road,3905
28.780869,77.300102,14570000,Noida-Sector 62,1799
22.460859,88.30718,12600000,Jadavpur,1723
28.707406,77.273576,5160000,Dwarka,623
12.814136,77.703557,10670000,Sarjapur Road,1200
12.886515,77.562548,9510000,Yelahanka,1167
22.552377,88.398367,23490000,New Town,3054
18.452421,73.865637,14520000,Wakad,1697
12.930685,80.15431,6490000,T Nagar,844
22.956402,72.624858,10430000,Vastrapur,2399
28.550745,77.104185,4770000,Dwarka,545
23.134121,72.674424,10840000,Thaltej,1923
28.566727,76.968502,29630000,Faridabad-Sector 21,3421
12.869322,77.572426,20490000,HSR Layout,1957
12.939492,77.573409,11360000,Hebbal,1556
18.970713,72.830131,46970000,Vile Parle,2901
28.526777,77.089726,10670000,Noida-Sector 62,1249
18.526692,73.822407,4090000,Hinjawadi,563
12.965414,77.736872,19950000,Banashankari,2182
12.937422,80.312154,7090000,T Nagar,855
19.087756,72.833194,19480000,Navi Mumbai-Kharghar,1216
13.186285,80.269348,11240000,OMR,1283
28.77686,77.297997,27650000,Gurugram-Sector 56,2280
22.581517,88.397959,17540000,New Town,2417
17.363936,78.358428,14210000,Manikonda,1902
28.512192,77.458593,4650000,Dwarka,547
23.131931,72.610048,26340000,Thaltej,3277
28.470089,77.267032,14380000,Noida-Sector 62,1534
12.861642,77.741882,16550000,HSR Layout,2329
23.047915,72.550792,10160000,Vastrapur,2092
17.262342,78.338783,19740000,Banjara Hills,2438
18.609989,73.898834,16040000,Viman Nagar,1586
12.978018,77.688105,30090000,Hebbal,2620
18.486782,73.792685,13300000,Hinjawadi,1478
22.992609,72.697004,3510000,Satellite,674
28.662428,77.059943,11700000,Dwarka,1131
23.015075,72.599503,7310000,Prahlad Nagar,1531
17.263394,78.576201,12640000,Kondapur,1577
22.606709,88.496863,25300000,Rajarhat,2967
18.621445,73.92096,15080000,Aundh,1810
23.010793,72.690444,8090000,Vastrapur,1582
17.479874,78.484122,13760000,Manikonda,1733
12.997627,77.739225,26790000,Yelahanka,2679
22.531809,88.49876,28020000,New Town,3123
12.871164,77.574325,9490000,Banashankari,1172
13.009,77.6083,16480000,Sarjapur Road,1479
17.512471,78.514612,11420000,Kukatpally,1676
23.104159,72.500255,7840000,Satellite,1286
18.527542,73.826641,20210000,Viman Nagar,2373
13.061316,80.227011,17890000,Porur,1718
17.492232,78.407979,11880000,Manikonda,1673
12.931236,80.213394,12440000,Porur,1501
23.146254,72.586815,5010000,Thaltej,1020
28.312184,77.205452,20020000,Gurugram-DLF Phase 3,2138
19.008982,72.776195,17230000,Andheri West,1123
18.962698,72.897861,40080000,Powai,2690
18.479464,73.790127,25330000,Baner,2305
28.661985,76.937783,11320000,Noida-Sector 62,1138
18.503343,73.84309,24400000,Wakad,2329
28.556781,77.055542,22220000,Dwarka,2746
13.13153,77.618723,28680000,Sarjapur Road,2194
17.400156,78.318548,21790000,Jubilee Hills,2844
12.90041,80.325196,12150000,Anna Nagar,1494
12.943694,77.644948,13300000,Electronic City,1109
23.135303,72.565839,11490000,Maninagar,2053
18.526393,73.915988,16790000,Kharadi,2150
28.3798,77.40242,11390000,Dwarka,1283
17.329627,78.390629,14670000,Manikonda,2010
12.939225,80.202758,8250000,Adyar,1138
18.521393,73.783347,4710000,Baner,626
19.030602,72.902385,25420000,Goregaon East,1544
18.960018,72.869718,16980000,Thane West,1083
18.577403,73.768506,7330000,Aundh,742
22.578367,88.300732,22070000,Behala,3190
23.017832,72.645112,8870000,Bopal,1535
12.835673,77.552019,55090000,Yelahanka,4955
17.31218,78.59253,8220000,Kondapur,1107
28.350077,77.211906,32350000,Gurugram-DLF Phase 3,3964
19.020477,72.816292,44480000,Thane West,3013
28.485655,77.438468,15930000,Noida-Sector 76,1463
18.552474,73.78602,6070000,Aundh,842
12.849205,77.573641,10450000,Hebbal,1071
22.470792,88.390873,5500000,Behala,716
18.526107,73.788926,13070000,Hinjawadi,1496
28.703252,76.907439,8500000,Noida-Sector 62,884
23.06481,72.64885,14730000,Thaltej,2723
22.647113,88.483011,27020000,Rajarhat,3181
22.459855,88.308814,30920000,Behala,3314
13.004931,80.335451,42280000,Adyar,3506
13.08331,80.269895,10560000,Porur,996
22.934431,72.638243,11560000,Bopal,2504
28.568968,76.990876,4330000,Gurugram-DLF Phase 3,517
13.049633,80.335892,14750000,T Nagar,2062
17.271583,78.406556,10510000,Jubilee Hills,1382
17.490398,78.443656,21100000,Madhapur,2801
13.111749,77.799268,10700000,Banashankari,1344
17.429012,78.510043,12560000,Jubilee Hills,1659
28.79912,76.915527,9600000,Dwarka,1091
22.526192,88.343315,15260000,Tollygunge,1911
13.021865,77.536247,20760000,Hebbal,2427
23.142488,72.415821,11110000,Maninagar,2006
23.143447,72.690664,9280000,Prahlad Nagar,2239
22.523895,88.387082,22910000,Salt Lake,2807
17.426613,78.431635,18250000,Banjara Hills,2140
18.468291,73.851044,15600000,Baner,1810
18.630785,73.840625,35480000,Kothrud,2785
17.308698,78.428875,5990000,Madhapur,847
22.532097,88.308021,14650000,Behala,1557
12.975798,80.235001,4240000,Velachery,568
22.547883,88.431806,3890000,Rajarhat,601
23.021652,72.570132,6230000,Maninagar,1454
22.959881,72.682173,8920000,Thaltej,1786
22.453951,88.467429,6540000,New Town,760
12.994558,80.275325,12230000,Adyar,1383
28.429632,77.050705,18180000,Ghaziabad-Indirapuram,2338
17.35554,78.360781,12380000,Kukatpally,1476
19.175353,72.761804,58090000,Goregaon East,2913
19.296258,72.78128,25560000,Goregaon East,1802
28.485865,77.497498,42230000,Noida-Sector 62,3816
18.620788,73.901407,3220000,Baner,444
22.991314,72.546375,13640000,Bodakdev,3201
22.466583,88.354185,5230000,Behala,761
28.450483,76.903036,20040000,Faridabad-Sector 21,2206
19.074505,72.818956,11450000,Goregaon East,785
17.259493,78.34388,25680000,Gachibowli,3030
17.42378,78.578632,30720000,Manikonda,3141
18.535138,73.887285,12510000,Hinjawadi,1497
18.971427,72.784526,50840000,Goregaon East,3776
28.354921,77.36629,56720000,Dwarka,6033
12.887823,77.745758,11380000,Koramangala,1147
18.516415,73.80415,9920000,Baner,1080
18.537654,73.780778,22480000,Viman Nagar,2250
23.072788,72.413078,35080000,Vastrapur,6495
17.363775,78.35442,13090000,Gachibowli,1742
28.455826,77.303778,25340000,Faridabad-Sector 21,2402
13.07766,80.195389,36360000,Adyar,3488
18.961049,72.855097,111290000,Bandra West,5471
22.983522,72.500773,11050000,Maninagar,2579
28.486322,76.964714,12590000,Noida-Sector 62,1553
17.453434,78.308876,16870000,Gachibowli,2141
28.515758,77.177686,40170000,Ghaziabad-Indirapuram,3467
18.463839,73.897812,21140000,Kharadi,2537
12.914294,80.279233,14840000,T Nagar,1520
22.566301,88.312244,5520000,New Town,735
17.341208,78.347568,8150000,Banjara Hills,1167
12.997927,80.203299,29400000,Anna Nagar,2819
18.6494,73.897213,10980000,Hinjawadi,1158
13.104721,80.266543,43750000,Velachery,5192
13.069502,80.269147,13680000,Anna Nagar,1635
23.129233,72.499968,14820000,Thaltej,3217
18.601921,73.923253,30470000,Kothrud,2912
28.519304,77.407879,26100000,Ghaziabad-Indirapuram,2709
18.497047,73.828738,9530000,Viman Nagar,1080
19.297541,72.877672,15350000,Vile Parle,934
13.160871,80.267242,24780000,Adyar,2437
12.811937,77.736887,24640000,Marathahalli,2627
22.593746,88.301807,14400000,Behala,2125
12.963991,77.632915,12670000,Koramangala,1323
13.028392,77.49784,4810000,Koramangala,584
12.933744,80.321405,22240000,Velachery,2132
12.907596,77.598929,19580000,Electronic City,2323
22.641241,88.474173,16030000,Salt Lake,2089
19.234826,72.787299,49540000,Powai,2514
12.955617,80.183787,17130000,T Nagar,1897
22.91286,72.624441,4330000,Satellite,761
13.146237,80.312313,11470000,T Nagar,1285
19.084834,72.916648,72600000,Vile Parle,3723
22.571796,88.461168,18960000,Rajarhat,2356
12.859253,77.755118,11800000,Electronic City,1166
13.032208,80.288109,11280000,Sholinganallur,1542
12.801201,77.771115,19670000,Marathahalli,2294
23.010333,72.402659,8190000,Satellite,1630
12.967787,80.155177,12250000,Sholinganallur,1453
18.517037,73.761549,30730000,Baner,3864
13.090309,77.610218,17390000,Yelahanka,1721
13.06743,77.478124,14070000,Yelahanka,1680
18.643427,73.831741,42240000,Kothrud,4803
28.338816,77.384852,25220000,Noida-Sector 76,2614
12.872965,77.68871,16050000,Hebbal,2034
23.133413,72.411569,9760000,Bodakdev,1879
22.995909,72.619677,20470000,Satellite,2858
13.195029,80.298332,5280000,T Nagar,783
18.562629,73.823823,26010000,Baner,2729
18.645383,73.916743,21260000,Viman Nagar,2352
19.074457,72.914984,21140000,Vile Parle,1194
28.732976,77.135676,5270000,Noida-Sector 62,668
22.628691,88.364937,10990000,Salt Lake,1360
23.143922,72.652846,8850000,Thaltej,1476
23.088743,72.621809,20020000,Bodakdev,4041
18.479021,73.792001,7160000,Baner,712
12.968303,77.529054,31380000,Hebbal,2904
23.106299,72.693561,8470000,Prahlad Nagar,1530
18.545603,73.832408,11170000,Baner,1282
28.716225,77.379981,14080000,Noida-Sector 76,1636
22.99567,72.44605,3060000,Vastrapur,624
28.495505,77.33829,22430000,Noida-Sector 62,2054
18.450431,73.909587,14400000,Aundh,1819
22.601465,88.482562,13810000,Rajarhat,2217
28.732436,77.436499,27900000,Dwarka,2797
18.478398,73.828993,6420000,Wakad,814
23.045555,72.507001,12050000,Satellite,2469
22.548389,88.406803,20170000,Jadavpur,2308
18.4708,73.943905,9690000,Wakad,1018
18.618277,73.883489,30300000,Aundh,2753
18.603821,73.804135,19710000,Kharadi,1946
13.022772,80.193085,30230000,Anna Nagar,3133
28.487357,77.123421,28480000,Noida-Sector 62,2740
13.057616,77.521153,27510000,Whitefield,2492
13.000416,80.258421,15170000,Velachery,1531
18.503405,73.907421,16150000,Baner,2075
17.330802,78.32361,51630000,Manikonda,6557
28.534222,77.068909,17880000,Noida-Sector 62,2130
28.423476,77.106942,16800000,Dwarka,1989
18.455445,73.844088,9850000,Baner,1132
17.325281,78.49637,19280000,Kukatpally,2219
19.183287,72.875244,33030000,Goregaon East,1895
28.428216,77.227106,5560000,Faridabad-Sector 21,742
13.072609,77.798955,23950000,Sarjapur Road,2368
13.179829,80.192262,22320000,Sholinganallur,1899
19.283401,72.754632,18320000,Mulund,1183
13.071167,80.268745,28710000,Anna Nagar,3403
22.949669,72.516757,6150000,Maninagar,1143
19.054006,72.807562,28980000,Vile Parle,1684
22.462359,88.363019,23440000,Jadavpur,2441
23.053191,72.548,16830000,Bopal,2862
19.191284,72.870217,14530000,Thane West,934
22.524566,88.312717,13710000,Behala,1717
18.52226,73.939764,28670000,Kothrud,3564
12.943278,80.22877,32600000,OMR,3122
28.764591,77.185721,32030000,Noida-Sector 76,2869
28.587806,77.430646,21870000,Noida-Sector 62,2036
18.645858,73.803271,38410000,Baner,3871
18.950911,72.929999,12790000,Navi Mumbai-Kharghar,767
23.085074,72.68891,10360000,Satellite,2092
17.48895,78.589697,4710000,Kukatpally,697
18.616493,73.796441,30050000,Kharadi,3270
28.692596,76.911403,22360000,Noida-Sector 62,2461
19.277116,72.773559,75440000,Mulund,3982
17.375112,78.43745,13100000,Banjara Hills,1504
17.316088,78.342492,7400000,Manikonda,964
17.393836,78.323841,10630000,Manikonda,1571
18.61483,73.863626,18830000,Kharadi,2469
22.513261,88.318855,10550000,Tollygunge,1630
12.955813,77.613677,8390000,Yelahanka,848
28.662687,77.488988,9160000,Gurugram-Sector 56,1087
28.750732,77.432693,3620000,Noida-Sector 62,473
17.530575,78.357227,8660000,Jubilee Hills,1135
18.944462,72.819571,12390000,Mulund,719
18.511546,73.790763,7900000,Wakad,819
23.02929,72.697253,13470000,Vastrapur,2486
12.92271,77.641792,21690000,Marathahalli,2732
18.526323,73.793794,30660000,Kothrud,3350
13.150465,80.190364,22960000,Sholinganallur,2892
19.080842,72.870222,39380000,Goregaon East,2555
22.589456,88.32704,25260000,Tollygunge,3358
28.607041,77.411588,14860000,Dwarka,1745
13.140416,80.309837,28800000,Sholinganallur,3494
12.951023,80.157657,4790000,Porur,676
17.278388,78.518136,12040000,Gachibowli,1966
18.584653,73.784576,31010000,Kothrud,3030
12.920563,77.761139,9100000,Electronic City,1042
18.581123,73.858093,13520000,Kharadi,1521
18.934691,72.854855,35890000,Andheri West,1833
13.007479,77.581743,27540000,Banashankari,2751
18.530767,73.883697,8900000,Kothrud,1313
22.5805,88.321857,7060000,New Town,810
18.62748,73.871418,42840000,Kharadi,3531
22.920835,72.538143,9810000,Bopal,2086
12.876637,77.470188,10850000,Electronic City,1070
12.923887,77.490725,8690000,Sarjapur Road,1007
23.092544,72.48798,17540000,Prahlad Nagar,3609
12.988443,77.497536,14860000,Koramangala,1685
22.960936,72.462052,11270000,Bodakdev,2415
19.01974,72.931921,25090000,Goregaon East,1476
18.582361,73.918879,13380000,Kharadi,1539
28.331036,77.051395,22940000,Ghaziabad-Indirapuram,2238
22.906242,72.616645,5490000,Bopal,1009
13.151804,80.244847,20630000,Porur,2298
17.525797,78.529965,17470000,Jubilee Hills,2273
12.867749,77.479231,14040000,Hebbal,1765
23.025319,72.598756,4970000,Bopal,1058
18.94819,72.799333,69070000,Vile Parle,4362
13.030062,77.640076,31250000,HSR Layout,3632
23.127893,72.475885,19980000,Vastrapur,3809
18.472731,73.877212,37380000,Baner,4562
18.944463,72.791479,24980000,Thane West,1825
28.708748,77.305215,8520000,Gurugram-Sector 56,986
18.514,73.786886,14920000,Kharadi,1492
12.848829,77.739962,9310000,HSR Layout,953
13.138569,80.153162,18220000,OMR,2004
18.512436,73.788413,10010000,Kharadi,1121
17.262891,78.320937,36460000,Gachibowli,3354
18.562394,73.787906,26220000,Kothrud,2955
17.370755,78.372585,35130000,Jubilee Hills,3409
23.140279,72.600546,18200000,Bodakdev,3891
18.481911,73.943381,19460000,Wakad,2695
17.327589,78.351678,17600000,Kukatpally,2350
18.523865,73.920027,13700000,Baner,1596
12.895006,77.498653,30950000,Whitefield,2741
13.128484,77.667834,21760000,Sarjapur Road,1835
22.508954,88.336077,11290000,Tollygunge,1459
22.54684,88.485109,5200000,Behala,732
18.63948,73.907065,36540000,Kothrud,3642
17.304817,78.574114,15730000,Madhapur,2037
22.622962,88.485362,13430000,Behala,1856
23.000336,72.607306,11520000,Thaltej,2305
22.46594,88.426637,21240000,Jadavpur,2581
19.088859,72.877611,13110000,Goregaon East,825
17.392783,78.401649,15850000,Manikonda,1559
12.890834,77.725531,19050000,Marathahalli,1663
28.375842,76.914584,12910000,Noida-Sector 76,1402
18.484619,73.805727,5160000,Aundh,648
22.540946,88.309647,7060000,Rajarhat,778
28.523067,76.978086,12210000,Ghaziabad-Indirapuram,1561
12.948681,80.199777,11430000,Velachery,1183
12.862404,77.499305,14020000,Whitefield,1543
19.073644,72.84405,21210000,Powai,1256
12.933847,80.15984,13960000,Velachery,1847
17.473152,78.334614,6220000,Madhapur,858
17.452221,78.387637,12580000,Jubilee Hills,1362
23.103997,72.457428,3580000,Vastrapur,674
17.384369,78.495933,22900000,Kondapur,2739
13.169214,80.158649,27530000,Adyar,3167
12.979104,77.61417,22160000,Banashankari,2626
12.894308,77.604232,13420000,Whitefield,1448
18.473215,73.908415,30580000,Baner,2873
17.479159,78.416567,9990000,Madhapur,1247
18.48882,73.907557,8590000,Kothrud,1060
23.068259,72.412883,17780000,Maninagar,2775
28.484475,77.377902,22490000,Ghaziabad-Indirapuram,2263
17.389123,78.368596,14160000,Gachibowli,1638
18.463055,73.944901,13540000,Aundh,1827
28.751041,77.460013,22460000,Gurugram-Sector 56,2522
17.32238,78.556192,22830000,Kukatpally,2469
12.941026,77.722508,7250000,Indiranagar,794
22.609003,88.465598,12500000,Behala,1629
13.051689,77.546619,30630000,Electronic City,3660
12.802269,77.697321,38770000,Koramangala,3462
28.470785,77.350666,16320000,Noida-Sector 76,1841
19.145764,72.801863,14350000,Thane West,700
22.96703,72.501954,10980000,Thaltej,2318
12.886071,77.629255,21620000,Electronic City,2272
18.943558,72.947143,28670000,Goregaon East,1697
23.046644,72.550549,2630000,Prahlad Nagar,605
13.022065,77.558027,6550000,Hebbal,718
13.052809,80.158233,26590000,Sholinganallur,2909
22.566046,88.32714,4090000,Salt Lake,639
18.547129,73.938517,19890000,Viman Nagar,2061
13.148939,80.244669,10840000,OMR,1527
28.719555,77.051057,10350000,Noida-Sector 76,1280
28.544123,77.019755,16930000,Noida-Sector 62,1887
12.964576,77.567467,14440000,Indiranagar,1586
17.263157,78.318819,19410000,Kukatpally,2021
13.064875,77.73517,15880000,Sarjapur Road,1631
22.487743,88.424549,18920000,Behala,2119
23.149707,72.504391,7780000,Vastrapur,1558
12.860529,77.505911,9610000,Hebbal,1087
13.178339,80.302781,62630000,OMR,6280
17.308327,78.572926,9810000,Gachibowli,1449
28.445281,77.464417,32840000,Noida-Sector 76,2748
18.951394,72.894763,35430000,Vile Parle,2052
28.668341,76.986579,22190000,Faridabad-Sector 21,2341
18.645499,73.795133,29440000,Baner,3100
23.090888,72.492876,2330000,Maninagar,465
13.049175,77.666967,20610000,Sarjapur Road,2205
22.587588,88.357523,7920000,Salt Lake,1002
17.276903,78.519556,10740000,Manikonda,1528
28.533595,77.3537,23570000,Gurugram-DLF Phase 3,2255
22.620766,88.35924,9020000,Tollygunge,1305
22.943717,72.645064,7420000,Maninagar,1350
17.399521,78.349338,14160000,Kukatpally,1901
18.498732,73.903845,19080000,Kothrud,2400
22.532253,88.40222,10970000,New Town,1665
28.541598,77.028049,42580000,Ghaziabad-Indirapuram,3933
23.050395,72.451128,9130000,Bopal,1987
13.046525,80.204715,33760000,T Nagar,3097
12.981034,80.176934,10390000,Velachery,1304
22.943163,72.418154,11930000,Thaltej,2461
28.64542,76.92346,7660000,Dwarka,781
13.130681,80.169889,15040000,Velachery,1759
18.475385,73.76892,48590000,Aundh,5897
28.557206,77.261006,3240000,Faridabad-Sector 21,436
17.43558,78.382306,7580000,Gachibowli,924
28.379835,77.351329,12510000,Noida-Sector 62,1600
18.579539,73.923063,13980000,Kharadi,1788
23.013799,72.457683,6150000,Thaltej,1135
18.965068,72.853538,59990000,Vile Parle,3405
13.019676,77.672642,7720000,Yelahanka,1042
23.009301,72.54979,5480000,Bopal,1017
18.599906,73.848018,20950000,Hinjawadi,1985
13.186855,80.238699,25820000,Adyar,2701
18.492658,73.779152,29070000,Wakad,2662
28.483842,77.275463,15700000,Faridabad-Sector 21,1589
19.180638,72.871273,42030000,Goregaon East,2828
12.89476,77.59139,37010000,Hebbal,4213
13.062367,77.627263,15000000,Banashankari,1664
18.520367,73.829568,6730000,Hinjawadi,854
28.45756,77.233362,6320000,Noida-Sector 62,767
19.269757,72.946395,49690000,Powai,3492
13.139731,77.559013,18210000,Hebbal,1672
17.304165,78.58259,12060000,Banjara Hills,1480
22.996489,72.609286,9570000,Prahlad Nagar,2007
12.887611,77.554307,13210000,Hebbal,1323
13.114422,80.263753,8750000,Velachery,1107
17.431802,78.577822,29960000,Kondapur,3788
28.767002,77.170806,55230000,Noida-Sector 62,4406
17.291425,78.449834,7310000,Banjara Hills,816
22.598885,88.4427,29370000,Salt Lake,3029
17.400616,78.55558,7830000,Banjara Hills,876
19.067367,72.775416,39940000,Thane West,2729
19.291584,72.798442,12830000,Powai,827
22.497336,88.417685,12670000,New Town,1742
22.507458,88.483777,29360000,Rajarhat,3591
19.041026,72.816529,10010000,Goregaon East,759
23.118332,72.40961,12610000,Bodakdev,2657
23.123471,72.426987,15570000,Satellite,2538
19.20923,72.885318,10850000,Thane West,689
22.641868,88.438648,11840000,Jadavpur,1736
22.6007,88.480373,13160000,Behala,2137
13.033366,80.25453,20100000,T Nagar,2608
17.516093,78.425984,18840000,Gachibowli,2751
17.466214,78.587983,16210000,Gachibowli,1765
22.520752,88.417206,3470000,Rajarhat,522
22.98651,72.416617,9420000,Thaltej,1849
12.997714,80.253878,28430000,OMR,2536
28.489373,76.997907,18910000,Ghaziabad-Indirapuram,2354
18.597114,73.765497,28520000,Aundh,2860
17.266644,78.355631,23310000,Kondapur,2289
22.606974,88.433971,8160000,Jadavpur,996
13.037111,77.685057,16720000,Whitefield,1843
18.58888,73.775064,3630000,Baner,497
18.551825,73.913695,13050000,Kharadi,1342
12.970316,80.173095,14890000,OMR,1602
13.092639,80.162541,16510000,Velachery,1790
13.019829,80.187593,10320000,Velachery,1115
23.111556,72.548308,8110000,Prahlad Nagar,1775
13.085282,80.262556,27490000,Porur,2817
22.525071,88.498205,14020000,Tollygunge,2259
28.348176,77.449795,33690000,Noida-Sector 62,3561
22.47803,88.303992,11810000,Tollygunge,1515
19.084621,72.79222,18990000,Thane West,1160
17.328453,78.553618,16390000,Jubilee Hills,1936
18.569075,73.914664,69670000,Hinjawadi,5765
18.492275,73.920708,18160000,Viman Nagar,2458
12.933283,77.674848,3170000,Whitefield,453
17.501842,78.493726,16520000,Madhapur,1999
22.936914,72.649858,3000000,Prahlad Nagar,751
22.458082,88.455639,19430000,Tollygunge,2377
12.956995,80.240589,10710000,Sholinganallur,1211
23.060293,72.453845,12340000,Vastrapur,2430
18.938957,72.934104,18080000,Powai,1060
28.454612,77.298549,11190000,Ghaziabad-Indirapuram,1112
12.804969,77.710138,17480000,Yelahanka,1900
23.092366,72.623166,2400000,Vastrapur,574
18.569132,73.845967,6460000,Aundh,733
28.677935,77.436323,19480000,Gurugram-DLF Phase 3,1839
13.123602,77.79318,9830000,Sarjapur Road,1222
22.492162,88.454723,8270000,Rajarhat,1003
19.163049,72.937375,33070000,Andheri West,2287
22.481033,88.30693,10570000,Tollygunge,1109
12.979655,77.772102,20480000,Whitefield,2171
28.545982,77.202397,12280000,Ghaziabad-Indirapuram,1396
18.507299,73.80926,13080000,Kothrud,1466
13.089082,80.303527,17070000,OMR,1737
13.136158,77.778882,13340000,Banashankari,1465
17.480477,78.598541,12140000,Gachibowli,1399
12.964237,80.327471,16770000,Sholinganallur,2247
17.423347,78.385159,11340000,Banjara Hills,1623
28.391791,77.211852,30600000,Faridabad-Sector 21,3025
13.124112,77.509597,7830000,Koramangala,889
13.111129,77.721204,18310000,Yelahanka,1985
19.259003,72.906906,31760000,Thane West,1966
13.053978,80.200119,15500000,OMR,1700
18.934218,72.857647,22210000,Navi Mumbai-Kharghar,1498
13.11989,80.218001,24870000,Velachery,3104
18.551202,73.788628,14670000,Wakad,1701
12.846889,77.710683,4820000,HSR Layout,633
18.923984,72.914384,42650000,Vile Parle,2725
28.693714,76.953589,11350000,Ghaziabad-Indirapuram,1252
19.069831,72.904384,19700000,Navi Mumbai-Kharghar,1241
28.742454,77.167271,11890000,Noida-Sector 76,1174
13.144182,77.606255,66570000,Koramangala,5691
28.581695,77.290132,13470000,Noida-Sector 62,1514
22.479637,88.3027,10200000,Tollygunge,1161
17.434305,78.426938,18910000,Madhapur,2501
17.526915,78.36023,15770000,Kondapur,1735
18.458202,73.918044,20040000,Baner,2103
28.519626,76.977493,17750000,Noida-Sector 76,1975
18.507736,73.930024,16150000,Aundh,1715
18.562063,73.918883,22820000,Aundh,2684
13.058444,80.322005,9640000,Velachery,1162
19.155725,72.912333,47650000,Bandra West,2694
17.392423,78.408718,6970000,Kondapur,794
19.029622,72.870548,58740000,Thane West,2715
18.625224,73.903641,10770000,Hinjawadi,1426
18.489552,73.874047,14280000,Kharadi,1816
28.433607,77.386032,4530000,Gurugram-DLF Phase 3,570
22.603872,88.347433,16280000,Jadavpur,2282
23.04047,72.434948,14780000,Bodakdev,2638
28.575132,77.223457,7010000,Noida-Sector 76,770
22.498929,88.44375,7860000,Behala,997
12.910157,80.334068,7550000,Sholinganallur,783
19.175897,72.783808,37470000,Bandra West,2258
17.377199,78.322293,12870000,Kukatpally,1722
28.694766,77.022594,56200000,Faridabad-Sector 21,5085
28.736129,77.101481,17510000,Gurugram-DLF Phase 3,1694
17.400865,78.421946,26710000,Kukatpally,2350
13.193486,80.206374,23460000,T Nagar,2866
18.624585,73.886285,23130000,Hinjawadi,1937
18.550625,73.915647,13970000,Kharadi,1587
18.561656,73.754266,24960000,Wakad,2981
17.307244,78.492991,3770000,Kukatpally,548
28.722761,77.010659,18720000,Dwarka,1915
18.562481,73.919531,24650000,Viman Nagar,2701
13.186447,80.2632,8470000,Porur,828
13.151395,80.158662,24220000,Porur,2725
13.135288,77.788507,17870000,Sarjapur Road,2043
28.632278,77.132273,18170000,Noida-Sector 76,2482
19.286641,72.899045,9210000,Goregaon East,579
12.894865,77.543518,4380000,Koramangala,575
18.622888,73.839168,17120000,Kothrud,2000
13.046524,77.792748,47390000,HSR Layout,5058
12.891692,77.566238,25220000,Marathahalli,2439
12.991798,77.696001,6670000,Yelahanka,768
12.843068,77.686981,6730000,Koramangala,701
23.072615,72.682206,6260000,Prahlad Nagar,1088
22.620788,88.322967,4160000,Rajarhat,644
12.900549,77.501438,8680000,Indiranagar,981
13.179856,80.220163,31440000,Anna Nagar,3269
23.084216,72.614281,14710000,Bopal,3513
13.17283,80.294248,8830000,Sholinganallur,917
19.077349,72.930427,13310000,Thane West,737
22.462053,88.313668,19360000,Behala,2627
18.94408,72.773014,16040000,Goregaon East,942
19.090632,72.751391,79710000,Powai,3765
19.012733,72.936476,10970000,Bandra West,729
18.478346,73.782051,21350000,Baner,2452
18.462679,73.907805,23690000,Kothrud,2771
18.608899,73.86666,4420000,Kharadi,566
12.936292,77.592559,9530000,Indiranagar,1066
12.914869,80.226736,38600000,Porur,4309
19.082344,72.824435,42460000,Bandra West,2638
12.927236,80.310231,28470000,OMR,2724
18.551323,73.857131,25920000,Aundh,2527
28.511297,77.310206,10730000,Noida-Sector 62,1443
22.560493,88.388492,32310000,Salt Lake,3156
19.112076,72.887972,28010000,Powai,1713
22.566514,88.306874,5070000,Rajarhat,769
28.706504,77.366033,8010000,Gurugram-DLF Phase 3,886
18.468981,73.899241,4700000,Aundh,618
22.612526,88.326419,6790000,Salt Lake,762
19.006558,72.858908,36090000,Mulund,2098
12.916581,80.253519,14650000,Porur,1765
13.013677,80.187793,23680000,Porur,2661
17.469481,78.472668,13910000,Kukatpally,1425
13.079652,80.262338,16740000,OMR,1739
18.505507,73.80831,32570000,Baner,4165
17.369176,78.493586,22990000,Manikonda,2739
23.138854,72.48367,3200000,Bodakdev,673
18.620507,73.775985,22750000,Baner,2709
13.187247,80.244641,13930000,Anna Nagar,1691
22.99297,72.618299,8070000,Maninagar,1725
28.37887,77.345762,60320000,Gurugram-Sector 56,6009
17.480835,78.301033,11830000,Madhapur,1529
22.484065,88.402521,12570000,Jadavpur,1595
18.573868,73.849141,6360000,Wakad,801
22.611256,88.344082,17830000,New Town,2476
23.026639,72.422352,7510000,Bopal,1738
19.020495,72.92209,61340000,Mulund,2855
12.878826,77.661467,6050000,HSR Layout,746
17.495307,78.598761,18190000,Banjara Hills,2312
13.05055,80.255612,22890000,Velachery,2318
13.190326,80.284171,5700000,OMR,722
12.885099,77.483736,28450000,Yelahanka,3238
18.937906,72.764046,96060000,Thane West,6114
13.022665,80.290418,10120000,T Nagar,1142
13.089239,80.250406,29610000,Adyar,3538
19.005202,72.902947,39670000,Navi Mumbai-Kharghar,2462
17.34518,78.492893,11370000,Kondapur,1708
22.951908,72.402461,3000000,Prahlad Nagar,636
18.614914,73.790055,15490000,Baner,1645
17.38455,78.3762,11390000,Gachibowli,1578
18.505944,73.822246,15800000,Hinjawadi,1954
22.623359,88.482796,11620000,Behala,1577
17.528923,78.390986,4970000,Kondapur,612
28.639359,77.078076,9710000,Gurugram-Sector 56,1092
22.584778,88.472078,7840000,New Town,856
28.620324,77.308228,36280000,Gurugram-DLF Phase 3,3394
22.980158,72.431867,13670000,Bodakdev,2590
22.975347,72.52664,4610000,Thaltej,968
22.565732,88.309583,13660000,Jadavpur,1854
19.031922,72.787113,21670000,Powai,1261
18.965042,72.829696,12800000,Powai,890
13.052273,80.278645,13800000,Sholinganallur,1527
18.574135,73.891932,18370000,Kharadi,2434
22.968429,72.555558,2750000,Bopal,711
18.460969,73.857391,7710000,Wakad,861
23.052966,72.424177,9850000,Bopal,2090
28.681398,76.987397,7470000,Ghaziabad-Indirapuram,834
13.021088,77.712325,19280000,HSR Layout,1911
22.574015,88.485577,11090000,Jadavpur,1433
19.292796,72.907542,16230000,Powai,1098
28.545218,77.352093,12050000,Gurugram-DLF Phase 3,1377
22.582781,88.398165,3040000,Rajarhat,466
28.336058,76.911738,18490000,Ghaziabad-Indirapuram,2389
22.989082,72.447629,5500000,Bodakdev,1120
19.201437,72.908687,60570000,Andheri West,3691
12.935403,80.285251,16190000,Velachery,1828
22.526647,88.440505,13920000,Salt Lake,1582
13.087583,80.220897,43470000,T Nagar,3945
12.983446,77.661951,15160000,Whitefield,1703
28.661025,76.903777,19530000,Gurugram-DLF Phase 3,2101
12.967336,80.324034,8330000,Adyar,978
22.466885,88.388894,7920000,Salt Lake,1108
13.123623,80.329385,10490000,Adyar,1239
28.404376,77.471906,14280000,Gurugram-Sector 56,1988
12.995397,80.279903,21860000,Anna Nagar,2727
17.513385,78.363573,16930000,Madhapur,2387
17.319773,78.389485,22740000,Gachibowli,3210
18.501953,73.787427,13420000,Kothrud,1454
12.934326,77.4521,4050000,Koramangala,476
22.470831,88.458796,18790000,New Town,2253
19.049107,72.780646,52100000,Powai,2596
28.795256,77.014785,13030000,Noida-Sector 62,1527
12.924562,80.256195,29230000,Adyar,3395
12.948993,77.784467,3660000,Electronic City,449
22.931658,72.652753,6520000,Prahlad Nagar,1628
12.860934,77.575297,23490000,Yelahanka,2334
13.146884,80.339154,14820000,Sholinganallur,1843
22.921579,72.488442,12200000,Bodakdev,2204
28.692257,76.954572,26900000,Ghaziabad-Indirapuram,3175
28.721912,77.230154,21340000,Gurugram-Sector 56,2373
18.505199,73.771166,28750000,Hinjawadi,2444
13.136373,80.315027,16760000,OMR,1744
22.987609,72.474825,5560000,Prahlad Nagar,1175
28.420923,77.321019,6600000,Gurugram-DLF Phase 3,779
19.120048,72.804193,24820000,Thane West,1393
22.639243,88.48118,26500000,Behala,2921
17.302355,78.333251,29620000,Gachibowli,2670
17.430222,78.586019,24650000,Manikonda,2861
17.321057,78.559303,15930000,Gachibowli,2136
18.506059,73.798988,33860000,Viman Nagar,3327
22.579538,88.372739,17970000,Rajarhat,2490
12.955006,77.605105,7670000,Banashankari,842
22.901715,72.420365,17590000,Bopal,3556
13.01139,80.218361,12010000,Anna Nagar,1346
22.479328,88.318304,38240000,Jadavpur,4782
22.455524,88.460307,8020000,Jadavpur,1057
18.584562,73.794839,35690000,Viman Nagar,3642
18.615621,73.947778,20570000,Viman Nagar,2710
13.097657,80.202643,14360000,Anna Nagar,1492
17.283043,78.486041,14970000,Kondapur,1952
23.002212,72.469437,12670000,Maninagar,2036
18.638011,73.755408,21240000,Baner,2303
18.501878,73.872708,18100000,Kothrud,2128
23.00736,72.506805,7990000,Bopal,1372
13.044478,77.768716,11080000,Whitefield,1066
13.196215,80.200398,51690000,Sholinganallur,5484
18.53325,73.942267,5380000,Wakad,761
22.937725,72.52294,10010000,Thaltej,1864
22.560199,88.404422,5810000,Tollygunge,850
28.382144,77.198949,12830000,Noida-Sector 76,1202
13.03345,80.151927,16360000,Porur,2181
17.271033,78.547802,15380000,Kukatpally,1862
22.51419,88.325773,10070000,Behala,1272
18.493327,73.9196,9430000,Wakad,1039
23.066716,72.632242,9650000,Bodakdev,2142
13.052978,80.210628,30840000,Sholinganallur,3558
17.339316,78.597541,12310000,Jubilee Hills,1399
22.499329,88.357701,17630000,Behala,2641
28.495194,77.176678,8810000,Noida-Sector 62,909
28.440057,77.05203,14810000,Dwarka,1671
12.839909,77.59781,5560000,HSR Layout,657
13.008877,77.667837,13230000,Marathahalli,1478
22.608593,88.405699,13820000,Behala,1759
13.132809,80.271581,6400000,Sholinganallur,734
22.643509,88.372858,8630000,Salt Lake,1207
17.302172,78.327865,19140000,Kondapur,2638
12.936243,80.175837,5720000,Porur,686
23.129674,72.462496,8520000,Prahlad Nagar,1519
23.089816,72.485481,7460000,Maninagar,1374
22.571504,88.305053,29440000,Behala,3380
19.252751,72.812755,42560000,Navi Mumbai-Kharghar,2550
12.813588,77.734058,42780000,Electronic City,3765
17.432729,78.544474,4040000,Banjara Hills,558
23.136248,72.430912,15230000,Satellite,2622
17.414496,78.539026,12090000,Jubilee Hills,1658
13.049535,80.223009,10000000,T Nagar,1109
17.308978,78.478708,23440000,Manikonda,3590
12.904644,77.602001,10190000,Sarjapur Road,1165
12.953202,77.518474,22730000,Yelahanka,2476
28.379477,76.951337,27580000,Gurugram-Sector 56,2647
18.903796,72.925454,33800000,Powai,1540
22.563933,88.374268,37430000,New Town,3646
22.579516,88.454875,19320000,Rajarhat,2652
28.54748,77.367173,3790000,Gurugram-Sector 56,542
22.4568,88.487447,19780000,Jadavpur,2616
13.085754,80.18018,27750000,Velachery,2922
22.503761,88.34368,16480000,Jadavpur,2006
17.459826,78.443812,13400000,Jubilee Hills,1518
18.591155,73.816895,17480000,Hinjawadi,1561
28.693407,77.342842,25240000,Ghaziabad-Indirapuram,2704
17.459227,78.552081,8140000,Jubilee Hills,1027
13.080894,77.569693,9800000,Yelahanka,1181
28.688013,77.177649,9670000,Dwarka,1175
17.369614,78.388178,6460000,Banjara Hills,784
22.560557,88.310577,18080000,Rajarhat,2114
17.438235,78.361644,9360000,Madhapur,1275
13.003482,80.311138,9820000,Porur,1206
17.333943,78.426979,10560000,Gachibowli,1487
17.328888,78.418355,47690000,Jubilee Hills,5399
19.155252,72.77805,31410000,Mulund,1847
18.467486,73.932148,19640000,Kharadi,2325
18.580095,73.893759,30420000,Hinjawadi,3690
22.949614,72.444435,11010000,Bopal,2466
17.4606,78.496073,12010000,Kukatpally,1672
19.242084,72.925388,38200000,Andheri West,2220
22.998838,72.443866,9650000,Prahlad Nagar,2175
17.252297,78.380089,18910000,Gachibowli,2094
22.971948,72.598926,5520000,Bopal,1140
17.484491,78.372252,11430000,Manikonda,1390
18.459955,73.813514,15400000,Wakad,1590
23.010087,72.697138,3180000,Bopal,547
18.979251,72.949512,27030000,Powai,2104
12.927524,77.591174,10310000,HSR Layout,966
28.525904,77.434436,6280000,Ghaziabad-Indirapuram,709
19.065598,72.78283,23350000,Goregaon East,1630
22.548352,88.316746,8160000,Tollygunge,1045
17.525648,78.363454,22550000,Madhapur,3040
17.522885,78.305894,11440000,Manikonda,1575
28.372822,77.295171,10910000,Faridabad-Sector 21,1364
17.316691,78.49906,27830000,Kukatpally,3357
12.902839,80.312263,19350000,T Nagar,2127
12.836214,77.608862,25040000,Koramangala,2960
13.049639,80.236295,10100000,Anna Nagar,1162
13.055248,80.210848,26820000,T Nagar,3514
22.995343,72.484053,3150000,Maninagar,671
12.887442,77.53283,10800000,Hebbal,1182
12.986111,80.255981,23110000,Velachery,2329
19.266033,72.864919,21080000,Mulund,1590
13.072689,77.648447,44850000,Sarjapur Road,3693
17.250549,78.455941,14150000,Manikonda,1836
28.380819,77.38759,14240000,Ghaziabad-Indirapuram,1598
18.623985,73.860781,35510000,Wakad,3949
18.593034,73.892163,9660000,Hinjawadi,1129
13.082229,77.711083,26250000,Whitefield,2615
22.908239,72.411906,7790000,Bodakdev,1527
22.970401,72.483812,2520000,Vastrapur,580
13.02347,77.556177,10330000,Koramangala,1046
19.234793,72.922399,13190000,Goregaon East,830
22.496518,88.437017,32050000,Rajarhat,3251
17.481039,78.573844,11600000,Kukatpally,1330
22.501169,88.335843,13390000,Rajarhat,1695
22.491234,88.316171,22960000,Behala,2604
23.108264,72.501867,5680000,Satellite,1217
13.02955,77.518375,19490000,Yelahanka,2254
22.462447,88.336333,12710000,New Town,1655
18.960293,72.804878,35190000,Goregaon East,1988
28.674737,77.138831,27010000,Gurugram-Sector 56,2516
19.272784,72.915915,79500000,Bandra West,3975
28.692985,77.470583,6190000,Ghaziabad-Indirapuram,694
17.315641,78.305035,17210000,Kondapur,2670
13.195506,80.15052,14400000,T Nagar,1675
12.975156,80.212583,7520000,Sholinganallur,998
17.404309,78.594254,32900000,Kukatpally,3497
13.057604,80.241715,31030000,Velachery,2795
19.078971,72.942528,44720000,Powai,2524
13.054175,80.327547,16620000,Adyar,1745
28.634841,77.312883,44660000,Ghaziabad-Indirapuram,4181
18.913206,72.823684,19560000,Navi Mumbai-Kharghar,1007
22.938698,72.515228,6690000,Bopal,1450
19.064883,72.843595,21140000,Navi Mumbai-Kharghar,1467
23.099447,72.544297,14730000,Vastrapur,2463
18.51913,73.868624,18900000,Baner,2215
22.474187,88.427224,4560000,Rajarhat,732
12.965518,80.228304,35090000,Anna Nagar,3742
12.806958,77.531583,13050000,Sarjapur Road,1704
17.506709,78.519078,13500000,Manikonda,1717
19.110577,72.873277,41250000,Vile Parle,2748
17.448556,78.55515,3810000,Kukatpally,515
22.450029,88.438777,25480000,Behala,2798
17.42855,78.517505,8430000,Kondapur,1002
22.621806,88.460526,4780000,New Town,710
23.059461,72.456817,31290000,Satellite,6067
23.08561,72.444562,9290000,Bopal,1707
13.080711,77.774498,12010000,Hebbal,1376
18.940115,72.90402,14830000,Powai,878
12.842365,77.529569,10880000,Banashankari,1298
28.719288,77.166159,9670000,Faridabad-Sector 21,1035
18.461816,73.881879,10210000,Baner,1161
18.450478,73.757711,43800000,Kharadi,3921
13.07814,80.186702,12660000,Anna Nagar,1690
22.497393,88.493088,10870000,Tollygunge,1541
17.361822,78.424475,13360000,Kukatpally,1287
28.352528,77.279468,15530000,Noida-Sector 62,1595
17.268413,78.540465,25840000,Kondapur,3498
17.448985,78.558395,13000000,Kondapur,1709
22.592467,88.437867,10810000,New Town,1570
22.538965,88.353399,8390000,Behala,1162
22.484703,88.466549,13160000,Behala,1664
23.074493,72.563698,13440000,Satellite,2166
19.16665,72.872858,20140000,Mulund,1224
28.642034,77.353511,12440000,Faridabad-Sector 21,1293
18.499017,73.826047,12480000,Hinjawadi,1348
28.571449,76.960507,26730000,Gurugram-DLF Phase 3,3123
12.975422,80.25827,10070000,Porur,1090
23.069869,72.477509,9740000,Bodakdev,1810
19.288819,72.904876,35290000,Thane West,2789
18.523285,73.864727,23640000,Baner,3371
28.55622,77.205013,27820000,Ghaziabad-Indirapuram,3215
18.501903,73.817236,21380000,Baner,3129
22.943407,72.694288,11870000,Bopal,2496
22.61936,88.445834,6580000,Rajarhat,925
13.110094,77.552232,16720000,Electronic City,1564
13.007427,77.739671,48370000,HSR Layout,4031
18.950731,72.761071,26160000,Bandra West,1396
28.334715,77.227493,7390000,Ghaziabad-Indirapuram,904
28.392444,76.944677,27070000,Faridabad-Sector 21,3082
17.335153,78.439664,20590000,Gachibowli,2243
28.72453,77.137638,18960000,Gurugram-DLF Phase 3,2062
23.120168,72.652541,6260000,Maninagar,1201
23.062442,72.517801,9020000,Satellite,1723
18.560543,73.921002,15720000,Kothrud,1948
12.836207,77.731647,4360000,Electronic City,455
19.080075,72.805321,14640000,Navi Mumbai-Kharghar,1129
18.648758,73.839484,16560000,Baner,1867
12.988609,77.543496,3440000,Marathahalli,473
13.130922,80.226683,9380000,Adyar,1048
17.277551,78.533142,13350000,Madhapur,1564
18.915741,72.817596,52980000,Andheri West,3153
23.1472,72.476239,8120000,Bopal,1623
18.525291,73.875567,9760000,Aundh,1270
22.483967,88.480136,32710000,Behala,3205
12.973666,77.471599,11190000,Indiranagar,1127
13.080618,77.569444,10080000,HSR Layout,1042
28.365152,76.932189,14400000,Faridabad-Sector 21,1542
28.79254,77.001808,22930000,Noida-Sector 76,2376
13.019366,80.276604,4100000,Anna Nagar,569
23.098346,72.659569,17150000,Thaltej,3018
17.53235,78.447508,21010000,Madhapur,2873
18.509118,73.949892,26890000,Hinjawadi,3157
23.059478,72.496315,24360000,Thaltej,4299
13.067524,77.55416,10520000,Marathahalli,1040
22.5282,88.47683,21520000,Rajarhat,2620
28.636619,77.443088,6490000,Gurugram-DLF Phase 3,762
22.535251,88.402542,12440000,Jadavpur,1804
23.106797,72.689407,19230000,Prahlad Nagar,2886
13.051905,77.456983,11890000,Banashankari,1339
13.119216,77.46239,22860000,Whitefield,2668
13.058505,80.311148,5030000,Sholinganallur,635
17.263494,78.516987,12390000,Kondapur,1659
18.576785,73.87478,18250000,Wakad,2568
22.977986,72.458033,13260000,Maninagar,2995
18.917392,72.888784,23090000,Goregaon East,1446
28.468277,77.240349,23410000,Noida-Sector 62,3115
28.735508,77.391094,8500000,Gurugram-DLF Phase 3,1119
12.933999,80.163242,3830000,Adyar,541
28.750535,77.175948,5680000,Noida-Sector 62,766
13.040424,77.661588,17500000,Banashankari,1669
28.699715,76.980911,3810000,Ghaziabad-Indirapuram,566
23.001901,72.403389,5040000,Satellite,1205
13.019969,77.516865,55020000,Marathahalli,5577
18.511401,73.794702,12230000,Baner,1641
17.313816,78.413301,13110000,Gachibowli,1676
18.545374,73.918872,32010000,Hinjawadi,3683
22.555213,88.397808,7010000,Tollygunge,964
17.266111,78.541487,21540000,Banjara Hills,2466
28.501763,77.310885,5430000,Gurugram-DLF Phase 3,716
13.126947,80.23188,16550000,Velachery,2322
13.01365,80.347337,15240000,Porur,1531
13.079273,77.771915,5560000,HSR Layout,713
13.0894,80.273542,9120000,OMR,1119
17.339311,78.541267,61690000,Kukatpally,6650
28.431311,76.92047,17330000,Noida-Sector 62,1707
22.593631,88.307386,25620000,Rajarhat,3108
22.959887,72.559484,25000000,Maninagar,3860
18.586574,73.786136,21190000,Viman Nagar,2918
13.126167,77.752864,12820000,Whitefield,1494
28.448546,76.990679,19670000,Gurugram-DLF Phase 3,2327
12.987493,80.339127,15080000,Sholinganallur,1910
22.959016,72.416615,17780000,Bodakdev,3030
17.272594,78.415039,16420000,Kukatpally,1969
19.036921,72.938708,61470000,Powai,3701
28.554003,77.149607,22140000,Faridabad-Sector 21,2646
28.581478,77.114287,15570000,Noida-Sector 76,1610
18.635388,73.796585,17070000,Hinjawadi,1890
17.250529,78.336834,3560000,Kondapur,575
12.883469,77.629684,40600000,Koramangala,5356
28.604455,77.34426,27550000,Noida-Sector 76,2999
18.470529,73.941942,26670000,Hinjawadi,2643
13.000652,77.61509,11060000,Koramangala,1096
18.598158,73.845622,3840000,Kothrud,587
13.05566,77.799014,14570000,Sarjapur Road,1492
18.480177,73.892891,24130000,Wakad,2289
18.497823,73.810349,15200000,Aundh,1813
23.050881,72.478909,5230000,Prahlad Nagar,955
18.556028,73.831578,32510000,Viman Nagar,3016
18.520875,73.928959,20410000,Baner,1964
17.432169,78.321546,15320000,Jubilee Hills,1653
28.47737,77.262062,18630000,Dwarka,2208
12.956825,77.463722,18450000,Marathahalli,2119
12.983541,80.224466,36050000,Adyar,3384
12.948163,77.721975,5430000,Hebbal,684
18.942848,72.890656,7390000,Goregaon East,488
22.577653,88.371761,3860000,Behala,611
12.960609,77.767019,17290000,Sarjapur Road,1993
22.93797,72.460629,12520000,Bopal,2526
19.215286,72.938304,34130000,Mulund,2527
23.09563,72.428476,15640000,Bodakdev,3232
17.546224,78.317606,4250000,Jubilee Hills,612
19.297005,72.858191,73660000,Thane West,3956
19.164441,72.942725,70180000,Powai,4304
12.912814,80.204045,7140000,T Nagar,903
17.341999,78.58887,27380000,Kondapur,3639
13.041307,77.599609,6770000,HSR Layout,729
22.986608,72.486205,7080000,Satellite,1198
28.526177,77.054829,27520000,Gurugram-DLF Phase 3,2775
18.462653,73.853558,27180000,Hinjawadi,2603
28.733022,77.339722,14750000,Dwarka,1986
28.614528,77.097694,16910000,Ghaziabad-Indirapuram,2021
28.373122,77.031158,5670000,Dwarka,671
13.131089,77.799313,23490000,Banashankari,2732
23.138827,72.583644,6020000,Thaltej,1176
28.710092,77.345007,16880000,Noida-Sector 76,2161
22.463459,88.314578,28120000,Jadavpur,3553
28.434816,77.256314,19180000,Gurugram-Sector 56,1963
18.649237,73.855558,33080000,Kothrud,3322
19.012595,72.809141,21840000,Goregaon East,1522
19.033507,72.859212,19920000,Bandra West,1272
22.970031,72.446244,8840000,Bodakdev,1415
28.37375,76.94228,12880000,Ghaziabad-Indirapuram,1621
13.001941,80.196557,38160000,OMR,4590
28.521209,76.986797,7380000,Noida-Sector 76,700
22.495247,88.466749,6870000,Rajarhat,759
17.343681,78.594666,10460000,Jubilee Hills,1365
19.29958,72.921264,21740000,Andheri West,1158
13.07633,77.588846,28540000,Indiranagar,2830
22.499431,88.305963,11500000,New Town,1604
23.000344,72.403424,3650000,Prahlad Nagar,669
17.368927,78.466195,24280000,Madhapur,2785
17.401108,78.52188,27290000,Madhapur,3360
22.534801,88.347549,18610000,Rajarhat,2164
17.475763,78.572384,16840000,Manikonda,2292
18.477841,73.81182,18750000,Wakad,1958
17.267796,78.518187,12750000,Gachibowli,1743
18.484405,73.889466,4870000,Viman Nagar,644
22.932478,72.490982,24640000,Satellite,4023
18.461185,73.753105,7190000,Hinjawadi,878
18.554345,73.908297,13260000,Wakad,1703
22.942324,72.472697,9110000,Satellite,1606
18.635649,73.853522,13070000,Kharadi,1344
22.477089,88.354411,12350000,Salt Lake,1620
13.06829,80.294814,24020000,T Nagar,3000
18.51064,73.83151,15180000,Wakad,1574
17.484571,78.494639,10900000,Kondapur,1589
22.476479,88.370428,11970000,Behala,1590
22.610901,88.407839,4200000,Jadavpur,667
17.342005,78.319789,8270000,Kukatpally,1087
19.189238,72.766698,41760000,Vile Parle,2566
22.519207,88.462007,11260000,New Town,1646
18.909556,72.796669,5450000,Andheri West,459
17.467337,78.573828,3480000,Madhapur,533
12.912676,77.551886,7510000,Hebbal,828
18.526095,73.823591,12220000,Viman Nagar,1559
22.991202,72.45583,11480000,Satellite,2245
23.053411,72.444876,6260000,Bopal,1350
22.631326,88.315321,31950000,Rajarhat,3564
12.894691,77.636437,5910000,Yelahanka,695
22.955955,72.548505,6000000,Satellite,1121
19.095074,72.947963,27650000,Thane West,1874
22.489372,88.489865,26810000,Tollygunge,4111
28.736155,76.914388,7030000,Gurugram-DLF Phase 3,942
13.120191,77.717193,10890000,HSR Layout,1090
18.991898,72.76787,29090000,Andheri West,1674
18.982411,72.751027,19450000,Goregaon East,1395
19.153779,72.761125,27270000,Bandra West,1619
17.387077,78.498749,12260000,Kukatpally,1604
18.911469,72.870343,20710000,Goregaon East,1416
13.149345,77.596681,17770000,Banashankari,1923
22.98179,72.405557,9540000,Bodakdev,1889
17.393416,78.366594,22980000,Kondapur,2904
19.13198,72.837203,29220000,Bandra West,1725
13.152676,80.170243,13980000,Adyar,1657
13.050774,80.34224,16290000,T Nagar,1646
18.93514,72.857111,52540000,Bandra West,2959
13.005063,77.508163,10990000,Hebbal,1078
13.058467,77.500304,5940000,Sarjapur Road,622
17.37598,78.473049,23760000,Jubilee Hills,2695
17.335686,78.39576,11070000,Madhapur,1410
28.584805,77.227454,18510000,Ghaziabad-Indirapuram,2256
18.607538,73.771314,20290000,Hinjawadi,2559
23.008272,72.635582,12620000,Satellite,2762
13.114112,77.699481,16730000,Koramangala,1633
12.801159,77.713783,8400000,Hebbal,1049
12.956339,77.57084,20590000,Marathahalli,1725
22.505325,88.458146,21420000,Jadavpur,2437
18.903178,72.771991,20080000,Bandra West,1352
19.134481,72.876869,11080000,Navi Mumbai-Kharghar,715
13.077017,80.34426,26250000,Porur,2670
17.460544,78.436887,48420000,Kukatpally,5077
28.776437,77.033101,16880000,Noida-Sector 62,2092
19.060848,72.800001,17560000,Vile Parle,1083
13.187485,80.307801,7810000,OMR,900
